time,symbol,event,direction,rank,entry_type,entry,sl,tp,exit,risk_usdt,pnl_usdt,result_r,balance,score_long,score_short,reason,mfe_r,mae_r,hit_plus_0_5r,hit_plus_1r,hit_plus_1_5r,hit_plus_2r,hit_plus_3r,hit_minus_0_5r,hit_minus_0_75r,hit_minus_1r
2026-08-26T05:01:24.964532+09:00,TAO_USDT,OPEN,NEUTRAL,C,LIMIT,232.237835,233.3073372617296,230.09883047654074,,0.551,,,38.0,0,0,条件不足または矛盾,0,0,,,,,,,,
2026-08-26T05:01:25.281187+09:00,SAMSUNGSTOCK_USDT,OPEN,LONG,A,A_MARKET,188.64,187.97976,189.96047999999996,,0.551,,,38.0,6,0,PULLBACK LONG / TREND_VOLUME LONG(補助) / HIGH_EDGE LONG(38.0) / OI LONG(1.31%),0,0,,,,,,,,
2026-08-26T05:01:25.596230+09:00,SKHYNIXSTOCK_USDT,OPEN,LONG,A,A_MARKET,1224.9,1220.6128500000002,1233.4742999999999,,0.551,,,38.0,5,0,PULLBACK LONG / TREND_VOLUME LONG(補助) / HIGH_EDGE LONG(37.0),0,0,,,,,,,,
2026-08-26T05:21:08.406194+09:00,XRP_USDT,OPEN,SHORT,C,LIMIT,1.4592856500000002,1.4665159008943618,1.4448251482112773,,0.551,,,38.0,0,1,OI SHORT(0.65%),0,0,,,,,,,,
2026-08-26T05:41:09.269688+09:00,TAO_USDT,WIN,NEUTRAL,C,LIMIT,232.237835,233.3073372617296,230.09883047654074,230.09883047654074,0.551,1.102,2.0,39.102,0,0,条件不足または矛盾,2.2327,0.0,2026-08-26T05:06:02.600616+09:00,2026-08-26T05:31:18.613002+09:00,2026-08-26T05:41:09.269668+09:00,2026-08-26T05:41:09.269668+09:00,,,,
2026-08-26T06:11:05.011219+09:00,SKHYNIXSTOCK_USDT,LOSS,LONG,A,A_MARKET,1224.9,1220.6128500000002,1233.4742999999999,1220.6128500000002,0.551,-0.551,-1.0,38.550999999999995,5,0,PULLBACK LONG / TREND_VOLUME LONG(補助) / HIGH_EDGE LONG(37.0),0.4922,1.3762,,,,,,2026-08-26T05:41:09.269793+09:00,2026-08-26T05:51:04.139476+09:00,2026-08-26T06:11:05.011213+09:00
2026-08-26T06:11:05.011334+09:00,XRP_USDT,WIN,SHORT,C,LIMIT,1.4592856500000002,1.4665159008943618,1.4448251482112773,1.4448251482112773,0.551,1.102,2.0,39.65299999999999,0,1,OI SHORT(0.65%),5.0739,0.0988,2026-08-26T05:31:18.613040+09:00,2026-08-26T05:41:09.269798+09:00,2026-08-26T05:51:04.139484+09:00,2026-08-26T06:11:05.011325+09:00,2026-08-26T06:11:05.011325+09:00,,,
2026-08-26T07:11:02.878691+09:00,SPX500_USDT,OPEN,LONG,A,A_MARKET,7676.1,7649.233650000001,7729.8327,,0.5749684999999999,,,39.65299999999999,6,0,PULLBACK LONG / TREND_VOLUME LONG(補助) / HIGH_EDGE LONG(38.0) / OI LONG(1.30%),0,0,,,,,,,,
2026-08-26T08:51:02.929239+09:00,SAMSUNGSTOCK_USDT,LOSS,LONG,A,A_MARKET,188.64,187.97976,189.96047999999996,187.97976,0.551,-0.551,-1.0,39.10199999999999,6,0,PULLBACK LONG / TREND_VOLUME LONG(補助) / HIGH_EDGE LONG(38.0) / OI LONG(1.31%),1.0451,1.8781,2026-08-26T05:25:58.834926+09:00,2026-08-26T07:11:02.690985+09:00,,,,2026-08-26T08:51:02.929222+09:00,2026-08-26T08:51:02.929222+09:00,2026-08-26T08:51:02.929222+09:00
2026-08-26T09:11:13.865393+09:00,SOXL_USDT,OPEN,SHORT,B+,LIMIT,115.37280000000001,115.7956890225564,114.52702195488725,,0.5669789999999999,,,39.10199999999999,0,4,TREND_VOLUME SHORT / OI SHORT(2.02%),0,0,,,,,,,,
2026-08-26T09:11:13.865505+09:00,SAMSUNGSTOCK_USDT,OPEN,NEUTRAL,C,LIMIT,187.98155,188.96375049998863,186.01714900002273,,0.5669789999999999,,,39.10199999999999,0,0,条件不足または矛盾,0,0,,,,,,,,
2026-08-26T09:16:00.784403+09:00,SAMSUNGSTOCK_USDT,LOSS,NEUTRAL,C,LIMIT,187.98155,188.96375049998863,186.01714900002273,188.96375049998863,0.5669789999999999,-0.5669789999999999,-1.0,38.535020999999986,0,0,条件不足または矛盾,0.0,1.21,,,,,,2026-08-26T09:16:00.784398+09:00,2026-08-26T09:16:00.784398+09:00,2026-08-26T09:16:00.784398+09:00
2026-08-26T09:31:12.306269+09:00,SOL_USDT,OPEN,NEUTRAL,C,LIMIT,96.474495,96.81215573250002,95.79917353500001,,0.5587578044999998,,,38.535020999999986,0,0,条件不足または矛盾,0,0,,,,,,,,
2026-08-26T09:35:55.169948+09:00,SOXL_USDT,WIN,SHORT,B+,LIMIT,115.37280000000001,115.7956890225564,114.52702195488725,114.52702195488725,0.5669789999999999,1.1339579999999998,2.0,39.668978999999986,0,4,TREND_VOLUME SHORT / OI SHORT(2.02%),2.9625,0.3954,2026-08-26T09:25:53.556479+09:00,2026-08-26T09:31:12.306247+09:00,2026-08-26T09:31:12.306247+09:00,2026-08-26T09:35:55.169941+09:00,,,,
2026-08-26T09:55:55.056688+09:00,AAVE_USDT,OPEN,NEUTRAL,C,LIMIT,126.07883500000001,126.59908769862567,125.03832960274869,,0.5752001954999998,,,39.668978999999986,0,0,条件不足または矛盾,0,0,,,,,,,,
2026-08-26T10:01:23.664037+09:00,AAVE_USDT,LOSS,NEUTRAL,C,LIMIT,126.07883500000001,126.59908769862567,125.03832960274869,126.59908769862567,0.5752001954999998,-0.5752001954999998,-1.0,39.09377880449998,0,0,条件不足または矛盾,0.0,1.4054,,,,,,2026-08-26T10:01:23.664032+09:00,2026-08-26T10:01:23.664032+09:00,2026-08-26T10:01:23.664032+09:00
2026-08-26T10:05:54.451966+09:00,SOL_USDT,LOSS,NEUTRAL,C,LIMIT,96.474495,96.81215573250002,95.79917353500001,96.81215573250002,0.5587578044999998,-0.5587578044999998,-1.0,38.535020999999986,0,0,条件不足または矛盾,0.8425,1.6452,2026-08-26T09:40:59.220742+09:00,,,,,2026-08-26T09:55:55.056663+09:00,2026-08-26T09:55:55.056663+09:00,2026-08-26T10:05:54.451959+09:00
2026-08-26T10:05:54.452106+09:00,SOXL_USDT,OPEN,NEUTRAL,C,LIMIT,113.119425,114.03918546624098,111.27990406751805,,0.5587578044999998,,,38.535020999999986,0,0,条件不足または矛盾,0,0,,,,,,,,
2026-08-26T10:05:54.452186+09:00,SILVER_USDT,OPEN,NEUTRAL,C,LIMIT,68.48257,68.722258995,68.00319200999999,,0.5587578044999998,,,38.535020999999986,0,0,条件不足または矛盾,0,0,,,,,,,,
2026-08-26T10:21:05.441754+09:00,SILVER_USDT,LOSS,NEUTRAL,C,LIMIT,68.48257,68.722258995,68.00319200999999,68.722258995,0.5587578044999998,-0.5587578044999998,-1.0,37.97626319549999,0,0,条件不足または矛盾,0.0,1.1575,,,,,,2026-08-26T10:16:02.259452+09:00,2026-08-26T10:16:02.259452+09:00,2026-08-26T10:21:05.441748+09:00
2026-08-26T11:26:04.277774+09:00,SOXL_USDT,LOSS,NEUTRAL,C,LIMIT,113.119425,114.03918546624098,111.27990406751805,114.03918546624098,0.5587578044999998,-0.5587578044999998,-1.0,37.41750539099999,0,0,条件不足または矛盾,0.5212,1.414,2026-08-26T10:51:05.700126+09:00,,,,,2026-08-26T11:16:05.933606+09:00,2026-08-26T11:21:01.829506+09:00,2026-08-26T11:26:04.277762+09:00
2026-08-26T15:46:05.302019+09:00,SILVER_USDT,OPEN,NEUTRAL,C,LIMIT,68.873155,69.1142110425,68.391042915,,0.5425538281694999,,,37.41750539099999,0,0,条件不足または矛盾,0,0,,,,,,,,
2026-08-26T16:21:03.733543+09:00,SUI_USDT,OPEN,NEUTRAL,C,LIMIT,0.7656498,0.7687459045978642,0.7594575908042716,,0.5425538281694999,,,37.41750539099999,0,0,条件不足または矛盾,0,0,,,,,,,,
2026-08-26T16:21:04.472504+09:00,SNDKSTOCK_USDT,OPEN,SHORT,A,A_MARKET,1475.82,1480.98537,1465.4892599999998,,0.5425538281694999,,,37.41750539099999,0,5.5,"PULLBACK SHORT(補助) / TREND_VOLUME SHORT / HIGH_EDGE SHORT(40.0,弱補助) / OI SHORT(3.86%)",0,0,,,,,,,,
2026-08-26T17:06:03.911321+09:00,SUI_USDT,WIN,NEUTRAL,C,LIMIT,0.7656498,0.7687459045978642,0.7594575908042716,0.7594575908042716,0.5425538281694999,1.0851076563389999,2.0,38.50261304733899,0,0,条件不足または矛盾,2.0832,0.0162,2026-08-26T16:36:00.256450+09:00,2026-08-26T16:46:06.020369+09:00,2026-08-26T16:55:55.517979+09:00,2026-08-26T17:06:03.911316+09:00,,,,
2026-08-26T17:06:03.911467+09:00,SOXL_USDT,OPEN,NEUTRAL,C,LIMIT,115.322725,115.96662805352379,114.03491889295242,,0.5582878891864154,,,38.50261304733899,0,0,条件不足または矛盾,0,0,,,,,,,,
2026-08-26T17:11:08.592988+09:00,SOXL_USDT,LOSS,NEUTRAL,C,LIMIT,115.322725,115.96662805352379,114.03491889295242,115.96662805352379,0.5582878891864154,-0.5582878891864154,-1.0,37.94432515815257,0,0,条件不足または矛盾,0.0,2.2632,,,,,,2026-08-26T17:11:08.592983+09:00,2026-08-26T17:11:08.592983+09:00,2026-08-26T17:11:08.592983+09:00
2026-08-26T17:16:05.464996+09:00,TAO_USDT,OPEN,LONG,A,A_MARKET,234.93,233.84057142857145,237.10885714285715,,0.5501927147932123,,,37.94432515815257,6,0,PULLBACK LONG / TREND_VOLUME LONG(補助) / HIGH_EDGE LONG(39.0) / OI LONG(0.59%),0,0,,,,,,,,
2026-08-26T17:56:02.269791+09:00,TAO_USDT,LOSS,LONG,A,A_MARKET,234.93,233.84057142857145,237.10885714285715,233.84057142857145,0.5501927147932123,-0.5501927147932123,-1.0,37.39413244335936,6,0,PULLBACK LONG / TREND_VOLUME LONG(補助) / HIGH_EDGE LONG(39.0) / OI LONG(0.59%),0.3213,1.1199,,,,,,2026-08-26T17:56:02.269787+09:00,2026-08-26T17:56:02.269787+09:00,2026-08-26T17:56:02.269787+09:00
2026-08-26T17:56:02.269905+09:00,SOL_USDT,OPEN,NEUTRAL,C,LIMIT,96.99429,97.33377001500001,96.31532997000001,,0.5422149204287108,,,37.39413244335936,0,0,条件不足または矛盾,0,0,,,,,,,,
2026-08-26T18:25:56.106491+09:00,SOL_USDT,WIN,NEUTRAL,C,LIMIT,96.99429,97.33377001500001,96.31532997000001,96.31532997000001,0.5422149204287108,1.0844298408574216,2.0,38.478562284216785,0,0,条件不足または矛盾,2.0452,0.0,2026-08-26T18:16:00.607670+09:00,2026-08-26T18:21:18.307347+09:00,2026-08-26T18:21:18.307347+09:00,2026-08-26T18:25:56.106487+09:00,,,,
2026-08-26T18:36:01.484232+09:00,BTC_USDT,OPEN,NEUTRAL,C,LIMIT,78500.3742,78775.12550970001,77950.87158060001,,0.5579391531211434,,,38.478562284216785,0,0,条件不足または矛盾,0,0,,,,,,,,
2026-08-26T19:51:00.713251+09:00,BTC_USDT,LOSS,NEUTRAL,C,LIMIT,78500.3742,78775.12550970001,77950.87158060001,78775.12550970001,0.5579391531211434,-0.5579391531211434,-1.0,37.920623131095645,0,0,条件不足または矛盾,0.7278,1.1331,2026-08-26T18:46:04.744524+09:00,,,,,2026-08-26T19:41:08.907772+09:00,2026-08-26T19:51:00.713245+09:00,2026-08-26T19:51:00.713245+09:00
2026-08-26T20:05:59.327842+09:00,SNDKSTOCK_USDT,LOSS,SHORT,A,A_MARKET,1475.82,1480.98537,1465.4892599999998,1480.98537,0.5425538281694999,-0.5425538281694999,-1.0,37.37806930292614,0,5.5,"PULLBACK SHORT(補助) / TREND_VOLUME SHORT / HIGH_EDGE SHORT(40.0,弱補助) / OI SHORT(3.86%)",1.723,1.2855,2026-08-26T16:31:11.722354+09:00,2026-08-26T17:21:05.050172+09:00,2026-08-26T18:25:56.106481+09:00,,,2026-08-26T17:01:18.229305+09:00,2026-08-26T17:01:18.229305+09:00,2026-08-26T20:05:59.327836+09:00
2026-08-26T21:46:01.986764+09:00,BTC_USDT,OPEN,SHORT,C,LIMIT,78307.285,78581.3604975,77759.134005,,0.5419820048924291,,,37.37806930292614,0,0.5,"HIGH_EDGE SHORT(37.0,弱補助)",0,0,,,,,,,,
2026-08-26T22:01:24.690797+09:00,SILVER_USDT,WIN,NEUTRAL,C,LIMIT,68.873155,69.1142110425,68.391042915,68.391042915,0.5425538281694999,1.0851076563389999,2.0,38.46317695926514,0,0,条件不足または矛盾,2.5436,0.6092,2026-08-26T16:55:55.517972+09:00,2026-08-26T17:31:17.823854+09:00,2026-08-26T20:26:00.638793+09:00,2026-08-26T22:01:24.690790+09:00,,2026-08-26T16:05:52.419927+09:00,,
2026-08-26T22:06:01.374343+09:00,KORU_USDT,OPEN,SHORT,C,LIMIT,20.37051,20.55092881670631,20.00967236658738,,0.5577160659093445,,,38.46317695926514,0,1,OI SHORT(6.25%),0,0,,,,,,,,
2026-08-26T22:21:04.887009+09:00,PUMPFUN_USDT,OPEN,NEUTRAL,C,LIMIT,0.004677005,0.004721290926465202,0.004588433147069597,,0.5577160659093445,,,38.46317695926514,0,0,条件不足または矛盾,0,0,,,,,,,,
2026-08-26T22:31:17.416826+09:00,KORU_USDT,LOSS,SHORT,C,LIMIT,20.37051,20.55092881670631,20.00967236658738,20.55092881670631,0.5577160659093445,-0.5577160659093445,-1.0,37.905460893355794,0,1,OI SHORT(6.25%),0.4462,2.3805,,,,,,2026-08-26T22:31:17.416820+09:00,2026-08-26T22:31:17.416820+09:00,2026-08-26T22:31:17.416820+09:00
2026-08-26T22:31:17.417018+09:00,PEPE_USDT,OPEN,NEUTRAL,C,LIMIT,3.7404022e-06,3.7648582372536976e-06,3.6914901254926058e-06,,0.549629182953659,,,37.905460893355794,0,0,条件不足または矛盾,0,0,,,,,,,,
2026-08-26T22:41:06.827952+09:00,PUMPFUN_USDT,LOSS,NEUTRAL,C,LIMIT,0.004677005,0.004721290926465202,0.004588433147069597,0.004721290926465202,0.5577160659093445,-0.5577160659093445,-1.0,37.34774482744645,0,0,条件不足または矛盾,0.4066,1.0838,,,,,,2026-08-26T22:36:05.975869+09:00,2026-08-26T22:36:05.975869+09:00,2026-08-26T22:41:06.827946+09:00
2026-08-26T22:41:06.828077+09:00,PEPE_USDT,LOSS,NEUTRAL,C,LIMIT,3.7404022e-06,3.7648582372536976e-06,3.6914901254926058e-06,3.7648582372536976e-06,0.549629182953659,-0.549629182953659,-1.0,36.79811564449279,0,0,条件不足または矛盾,0.0,1.0549,,,,,,2026-08-26T22:41:06.828070+09:00,2026-08-26T22:41:06.828070+09:00,2026-08-26T22:41:06.828070+09:00
2026-08-26T22:41:06.828166+09:00,DOGE_USDT,OPEN,NEUTRAL,C,LIMIT,0.08587862500000001,0.08634168482848839,0.08495250534302327,,0.5335726768451454,,,36.79811564449279,0,0,条件不足または矛盾,0,0,,,,,,,,
2026-08-26T22:41:06.828240+09:00,SOL_USDT,OPEN,NEUTRAL,C,LIMIT,96.40439,96.9651887925867,95.28279241482664,,0.5335726768451454,,,36.79811564449279,0,0,条件不足または矛盾,0,0,,,,,,,,
2026-08-26T23:46:10.088912+09:00,DOGE_USDT,WIN,NEUTRAL,C,LIMIT,0.08587862500000001,0.08634168482848839,0.08495250534302327,0.08495250534302327,0.5335726768451454,1.0671453536902908,2.0,37.86526099818308,0,0,条件不足または矛盾,2.1566,0.4349,2026-08-26T23:26:05.084835+09:00,2026-08-26T23:31:39.994437+09:00,2026-08-26T23:36:09.093506+09:00,2026-08-26T23:46:10.088908+09:00,,,,
2026-08-26T23:46:10.930652+09:00,MUSTOCK_USDT,OPEN,LONG,A,A_MARKET,935.49,928.8162857142858,948.8374285714285,,0.5490462844736547,,,37.86526099818308,6,0,PULLBACK LONG / TREND_VOLUME LONG(補助) / HIGH_EDGE LONG(44.0) / OI LONG(7.62%),0,0,,,,,,,,
2026-08-27T02:31:29.548345+09:00,SOL_USDT,LOSS,NEUTRAL,C,LIMIT,96.40439,96.9651887925867,95.28279241482664,96.9651887925867,0.5335726768451454,-0.5335726768451454,-1.0,37.331688321337936,0,0,条件不足または矛盾,1.6662,1.1334,2026-08-26T23:36:09.093509+09:00,2026-08-26T23:36:09.093509+09:00,2026-08-26T23:56:11.424855+09:00,,,2026-08-26T22:46:07.102986+09:00,2026-08-27T02:31:29.548340+09:00,2026-08-27T02:31:29.548340+09:00
2026-08-27T02:41:05.815775+09:00,SKHYNIXSTOCK_USDT,OPEN,LONG,A,A_MARKET,1226.77,1222.4763050000001,1235.35739,,0.5413094806594001,,,37.331688321337936,5,0,PULLBACK LONG / TREND_VOLUME LONG(補助) / OI LONG(2.86%),0,0,,,,,,,,
2026-08-27T03:01:28.631932+09:00,SKHYNIXSTOCK_USDT,LOSS,LONG,A,A_MARKET,1226.77,1222.4763050000001,1235.35739,1222.4763050000001,0.5413094806594001,-0.5413094806594001,-1.0,36.790378840678535,5,0,PULLBACK LONG / TREND_VOLUME LONG(補助) / OI LONG(2.86%),0.0,1.0853,,,,,,2026-08-27T02:51:13.021818+09:00,2026-08-27T02:51:13.021818+09:00,2026-08-27T03:01:28.631927+09:00
2026-08-27T05:26:02.327497+09:00,KORU_USDT,OPEN,NEUTRAL,C,LIMIT,20.59084,20.735436604475044,20.30164679104991,,0.5334604931898388,,,36.790378840678535,0,0,条件不足または矛盾,0,0,,,,,,,,
2026-08-27T05:51:08.693401+09:00,MUSTOCK_USDT,WIN,LONG,A,A_MARKET,935.49,928.8162857142858,948.8374285714285,948.8374285714285,0.5490462844736547,1.0980925689473093,2.0,37.88847140962584,6,0,PULLBACK LONG / TREND_VOLUME LONG(補助) / HIGH_EDGE LONG(44.0) / OI LONG(7.62%),2.0933,0.0494,2026-08-27T00:54:59.009695+09:00,2026-08-27T02:36:09.880450+09:00,2026-08-27T05:26:02.327479+09:00,2026-08-27T05:51:08.693395+09:00,,,,
2026-08-27T05:56:01.764995+09:00,KORU_USDT,LOSS,NEUTRAL,C,LIMIT,20.59084,20.735436604475044,20.30164679104991,20.735436604475044,0.5334604931898388,-0.5334604931898388,-1.0,37.35501091643601,0,0,条件不足または矛盾,0.0,2.968,,,,,,2026-08-27T05:46:05.418070+09:00,2026-08-27T05:46:05.418070+09:00,2026-08-27T05:56:01.764991+09:00
2026-08-27T06:16:04.183180+09:00,BTC_USDT,LOSS,SHORT,C,LIMIT,78307.285,78581.3604975,77759.134005,78581.3604975,0.5419820048924291,-0.5419820048924291,-1.0,36.813028911543576,0,0.5,"HIGH_EDGE SHORT(37.0,弱補助)",1.9177,1.6401,2026-08-26T22:11:07.070564+09:00,2026-08-26T22:11:07.070564+09:00,2026-08-26T23:56:11.424848+09:00,,,2026-08-26T22:46:07.102974+09:00,2026-08-27T02:31:29.548332+09:00,2026-08-27T06:16:04.183174+09:00
2026-08-27T07:11:10.492902+09:00,USOIL_USDT,OPEN,SHORT,A,A_MARKET,81.73,82.01605500000001,81.15789000000001,,0.5337889192173819,,,36.813028911543576,0,5,PULLBACK SHORT(補助) / TREND_VOLUME SHORT / OI SHORT(0.30%),0,0,,,,,,,,
2026-08-27T13:46:08.895809+09:00,PEPE_USDT,OPEN,NEUTRAL,C,LIMIT,3.79097795e-06,3.8042463728250004e-06,3.76444110435e-06,,0.5337889192173819,,,36.813028911543576,0,0,条件不足または矛盾,0,0,,,,,,,,
2026-08-27T14:35:58.025492+09:00,PEPE_USDT,WIN,NEUTRAL,C,LIMIT,3.79097795e-06,3.8042463728250004e-06,3.76444110435e-06,3.76444110435e-06,0.5337889192173819,1.0675778384347638,2.0,37.88060674997834,0,0,条件不足または矛盾,2.2141,0.3634,2026-08-27T13:51:05.082039+09:00,2026-08-27T14:21:06.906013+09:00,2026-08-27T14:35:58.025486+09:00,2026-08-27T14:35:58.025486+09:00,,,,
2026-08-27T14:45:59.226690+09:00,PUMPFUN_USDT,OPEN,NEUTRAL,C,LIMIT,0.004540801,0.004588234550818747,0.004445933898362507,,0.549268797874686,,,37.88060674997834,0,0,条件不足または矛盾,0,0,,,,,,,,
2026-08-27T14:51:07.161121+09:00,XRP_USDT,OPEN,NEUTRAL,C,LIMIT,1.40119865,1.4070198474738316,1.3895562550523366,,0.549268797874686,,,37.88060674997834,0,0,条件不足または矛盾,0,0,,,,,,,,
2026-08-27T14:56:02.326330+09:00,XRP_USDT,LOSS,NEUTRAL,C,LIMIT,1.40119865,1.4070198474738316,1.3895562550523366,1.4070198474738316,0.549268797874686,-0.549268797874686,-1.0,37.33133795210365,0,0,条件不足または矛盾,0.0,1.0825,,,,,,2026-08-27T14:56:02.326325+09:00,2026-08-27T14:56:02.326325+09:00,2026-08-27T14:56:02.326325+09:00
2026-08-27T15:16:01.040154+09:00,SKHYNIXSTOCK_USDT,OPEN,NEUTRAL,C,LIMIT,1244.654185,1249.6574991199063,1234.647556760188,,0.541304400305503,,,37.33133795210365,0,0,条件不足または矛盾,0,0,,,,,,,,
2026-08-27T15:31:24.333308+09:00,SKHYNIXSTOCK_USDT,LOSS,NEUTRAL,C,LIMIT,1244.654185,1249.6574991199063,1234.647556760188,1249.6574991199063,0.541304400305503,-0.541304400305503,-1.0,36.790033551798146,0,0,条件不足または矛盾,0.0,1.5581,,,,,,2026-08-27T15:31:24.333303+09:00,2026-08-27T15:31:24.333303+09:00,2026-08-27T15:31:24.333303+09:00
2026-08-27T15:41:05.355641+09:00,USOIL_USDT,WIN,SHORT,A,A_MARKET,81.73,82.01605500000001,81.15789000000001,81.15789000000001,0.5337889192173819,1.0675778384347638,2.0,37.85761139023291,0,5,PULLBACK SHORT(補助) / TREND_VOLUME SHORT / OI SHORT(0.30%),2.482,0.839,2026-08-27T09:06:04.384914+09:00,2026-08-27T11:46:08.812209+09:00,2026-08-27T15:16:01.040118+09:00,2026-08-27T15:41:05.355634+09:00,,2026-08-27T10:20:58.937510+09:00,2026-08-27T10:20:58.937510+09:00,
2026-08-27T15:41:05.355758+09:00,PUMPFUN_USDT,LOSS,NEUTRAL,C,LIMIT,0.004540801,0.004588234550818747,0.004445933898362507,0.004588234550818747,0.549268797874686,-0.549268797874686,-1.0,37.30834259235822,0,0,条件不足または矛盾,0.0,1.2902,,,,,,2026-08-27T14:51:07.161106+09:00,2026-08-27T14:51:07.161106+09:00,2026-08-27T15:41:05.355749+09:00
2026-08-27T17:01:22.862688+09:00,SILVER_USDT,OPEN,NEUTRAL,C,LIMIT,68.52263,68.76245920500001,68.04297159000001,,0.5409709675891943,,,37.30834259235822,0,0,条件不足または矛盾,0,0,,,,,,,,
2026-08-27T20:11:04.586549+09:00,SPCXSTOCK_USDT,OPEN,NEUTRAL,C,LIMIT,140.77084000000002,141.26353794000002,139.78544412000002,,0.5409709675891943,,,37.30834259235822,0,0,条件不足または矛盾,0,0,,,,,,,,
2026-08-27T21:51:06.934402+09:00,SILVER_USDT,WIN,NEUTRAL,C,LIMIT,68.52263,68.76245920500001,68.04297159000001,68.04297159000001,0.5409709675891943,1.0819419351783885,2.0,38.39028452753661,0,0,条件不足または矛盾,2.1375,0.406,2026-08-27T18:41:12.546410+09:00,2026-08-27T19:06:03.722981+09:00,2026-08-27T19:06:03.722981+09:00,2026-08-27T21:51:06.934395+09:00,,,,
2026-08-27T22:06:02.651823+09:00,SKHYNIXSTOCK_USDT,OPEN,SHORT,C,LIMIT,1253.89803,1258.286673105,1245.12074379,,0.5566591256492809,,,38.39028452753661,0,1,OI SHORT(1.81%),0,0,,,,,,,,
2026-08-27T22:11:03.934977+09:00,SILVER_USDT,OPEN,NEUTRAL,C,LIMIT,68.19213500000001,68.4308074725,67.71479005500001,,0.5566591256492809,,,38.39028452753661,0,0,条件不足または矛盾,0,0,,,,,,,,
2026-08-27T22:36:05.646898+09:00,SPCXSTOCK_USDT,WIN,NEUTRAL,C,LIMIT,140.77084000000002,141.26353794000002,139.78544412000002,139.78544412000002,0.5409709675891943,1.0819419351783885,2.0,39.472226462715,0,0,条件不足または矛盾,2.7823,0.0,2026-08-27T20:31:15.835461+09:00,2026-08-27T20:41:09.663560+09:00,2026-08-27T21:46:11.710292+09:00,2026-08-27T22:36:05.646890+09:00,,,,
2026-08-27T22:51:03.652494+09:00,SKHYNIXSTOCK_USDT,WIN,SHORT,C,LIMIT,1253.89803,1258.286673105,1245.12074379,1245.12074379,0.5566591256492809,1.1133182512985618,2.0,40.58554471401356,0,1,OI SHORT(1.81%),3.8755,0.725,2026-08-27T22:31:17.938358+09:00,2026-08-27T22:36:05.647012+09:00,2026-08-27T22:46:03.571342+09:00,2026-08-27T22:51:03.652487+09:00,2026-08-27T22:51:03.652487+09:00,2026-08-27T22:11:03.934953+09:00,,
2026-08-27T22:51:03.994238+09:00,DOGE_USDT,OPEN,SHORT,A,A_MARKET,0.08746,0.08777714285714285,0.08682571428571428,,0.5884903983531966,,,40.58554471401356,0,5,PULLBACK SHORT(補助) / TREND_VOLUME SHORT / OI SHORT(11.73%),0,0,,,,,,,,
2026-08-27T22:56:02.109735+09:00,DOGE_USDT,LOSS,SHORT,A,A_MARKET,0.08746,0.08777714285714285,0.08682571428571428,0.08777714285714285,0.5884903983531966,-0.5884903983531966,-1.0,39.997054315660364,0,5,PULLBACK SHORT(補助) / TREND_VOLUME SHORT / OI SHORT(11.73%),0.0,1.2297,,,,,,2026-08-27T22:56:02.109729+09:00,2026-08-27T22:56:02.109729+09:00,2026-08-27T22:56:02.109729+09:00
2026-08-27T23:16:08.957258+09:00,SOXL_USDT,OPEN,NEUTRAL,C,LIMIT,120.90108000000001,122.85460445578289,116.99403108843427,,0.5799572875770753,,,39.997054315660364,0,0,条件不足または矛盾,0,0,,,,,,,,
2026-08-27T23:31:20.200929+09:00,SILVER_USDT,LOSS,NEUTRAL,C,LIMIT,68.19213500000001,68.4308074725,67.71479005500001,68.4308074725,0.5566591256492809,-0.5566591256492809,-1.0,39.44039519001108,0,0,条件不足または矛盾,1.1821,1.2061,2026-08-27T22:36:05.647022+09:00,2026-08-27T22:41:06.417528+09:00,,,,2026-08-27T22:31:17.938363+09:00,2026-08-27T22:31:17.938363+09:00,2026-08-27T23:31:20.200922+09:00
2026-08-27T23:31:20.201068+09:00,USOIL_USDT,OPEN,NEUTRAL,C,LIMIT,82.68578500000001,82.97518524750001,82.10698450500001,,0.5718857302551607,,,39.44039519001108,0,0,条件不足または矛盾,0,0,,,,,,,,
2026-08-27T23:56:07.658318+09:00,USOIL_USDT,WIN,NEUTRAL,C,LIMIT,82.68578500000001,82.97518524750001,82.10698450500001,82.10698450500001,0.5718857302551607,1.1437714605103213,2.0,40.584166650521404,0,0,条件不足または矛盾,2.0241,0.0,2026-08-27T23:36:04.612485+09:00,2026-08-27T23:41:10.142709+09:00,2026-08-27T23:51:07.791135+09:00,2026-08-27T23:56:07.658311+09:00,,,,
2026-08-28T00:11:02.192387+09:00,NVIDIA_USDT,OPEN,NEUTRAL,C,LIMIT,225.38142000000002,226.78421247905652,222.57583504188705,,0.5884704164325604,,,40.584166650521404,0,0,条件不足または矛盾,0,0,,,,,,,,
2026-08-28T01:11:11.662677+09:00,NVIDIA_USDT,LOSS,NEUTRAL,C,LIMIT,225.38142000000002,226.78421247905652,222.57583504188705,226.78421247905652,0.5884704164325604,-0.5884704164325604,-1.0,39.99569623408885,0,0,条件不足または矛盾,0.2719,1.3606,,,,,,2026-08-28T00:56:02.327331+09:00,2026-08-28T01:06:06.889085+09:00,2026-08-28T01:11:11.662673+09:00
2026-08-28T01:41:11.360318+09:00,SPX500_USDT,WIN,LONG,A,A_MARKET,7676.1,7649.233650000001,7729.8327,7729.8327,0.5749684999999999,1.1499369999999998,2.0,41.14563323408885,6,0,PULLBACK LONG / TREND_VOLUME LONG(補助) / HIGH_EDGE LONG(38.0) / OI LONG(1.30%),2.1328,0.7519,2026-08-27T06:01:18.258760+09:00,2026-08-27T06:21:10.083816+09:00,2026-08-27T07:06:09.539416+09:00,2026-08-28T01:41:11.360302+09:00,,2026-08-26T09:40:59.220721+09:00,2026-08-26T10:35:57.080709+09:00,
2026-08-28T02:01:28.704646+09:00,DOGE_USDT,OPEN,NEUTRAL,C,LIMIT,0.089355765,0.08974382661173476,0.0885796417765305,,0.5966116818942884,,,41.14563323408885,0,0,条件不足または矛盾,0,0,,,,,,,,
2026-08-28T02:16:02.743839+09:00,DOGE_USDT,LOSS,NEUTRAL,C,LIMIT,0.089355765,0.08974382661173476,0.0885796417765305,0.08974382661173476,0.5966116818942884,-0.5966116818942884,-1.0,40.54902155219456,0,0,条件不足または矛盾,0.4272,1.0417,,,,,,2026-08-28T02:11:08.998693+09:00,2026-08-28T02:16:02.743832+09:00,2026-08-28T02:16:02.743832+09:00
2026-08-28T03:01:42.636680+09:00,TAO_USDT,OPEN,NEUTRAL,C,LIMIT,251.77710000000002,253.24906984210173,248.83316031579665,,0.5879608125068212,,,40.54902155219456,0,0,条件不足または矛盾,0,0,,,,,,,,
2026-08-28T05:01:20.445984+09:00,SOXL_USDT,LOSS,NEUTRAL,C,LIMIT,120.90108000000001,122.85460445578289,116.99403108843427,122.85460445578289,0.5799572875770753,-0.5799572875770753,-1.0,39.96906426461749,0,0,条件不足または矛盾,0.6507,1.054,2026-08-28T00:46:07.826319+09:00,,,,,2026-08-27T23:21:17.770972+09:00,2026-08-28T05:01:20.445962+09:00,2026-08-28T05:01:20.445962+09:00
2026-08-28T05:01:20.446101+09:00,TAO_USDT,WIN,NEUTRAL,C,LIMIT,251.77710000000002,253.24906984210173,248.83316031579665,248.83316031579665,0.5879608125068212,1.1759216250136424,2.0,41.14498588963113,0,0,条件不足または矛盾,2.0769,0.5183,2026-08-28T03:21:08.239181+09:00,2026-08-28T03:21:08.239181+09:00,2026-08-28T05:01:20.446095+09:00,2026-08-28T05:01:20.446095+09:00,,2026-08-28T03:11:15.485828+09:00,,
2026-08-28T05:21:02.843575+09:00,ETH_USDT,OPEN,NEUTRAL,C,LIMIT,2498.9928750000004,2507.7393500625003,2481.4999248750005,,0.5966022953996514,,,41.14498588963113,0,0,条件不足または矛盾,0,0,,,,,,,,
2026-08-28T05:21:02.843683+09:00,TAO_USDT,OPEN,SHORT,C,LIMIT,248.61236000000002,249.85257589396318,246.13192821207377,,0.5966022953996514,,,41.14498588963113,0,1,OI SHORT(0.52%),0,0,,,,,,,,
2026-08-28T05:41:01.071055+09:00,TAO_USDT,LOSS,SHORT,C,LIMIT,248.61236000000002,249.85257589396318,246.13192821207377,249.85257589396318,0.5966022953996514,-0.5966022953996514,-1.0,40.54838359423148,0,1,OI SHORT(0.52%),0.5986,1.0544,2026-08-28T05:31:18.057187+09:00,,,,,2026-08-28T05:41:01.071048+09:00,2026-08-28T05:41:01.071048+09:00,2026-08-28T05:41:01.071048+09:00
2026-08-28T07:01:24.044261+09:00,XAU_USDT,OPEN,NEUTRAL,C,LIMIT,4607.230495,4623.3558017325,4574.979881535,,0.5879515621163565,,,40.54838359423148,0,0,条件不足または矛盾,0,0,,,,,,,,
2026-08-28T07:06:02.664105+09:00,ETH_USDT,LOSS,NEUTRAL,C,LIMIT,2498.9928750000004,2507.7393500625003,2481.4999248750005,2507.7393500625003,0.5966022953996514,-0.5966022953996514,-1.0,39.95178129883183,0,0,条件不足または矛盾,0.0826,1.1213,,,,,,2026-08-28T05:41:01.071029+09:00,2026-08-28T07:01:24.044230+09:00,2026-08-28T07:06:02.664082+09:00
2026-08-28T08:31:22.454503+09:00,SUI_USDT,OPEN,LONG,A,A_MARKET,0.7809,0.7781668500000001,0.7863663,,0.5793008288330616,,,39.95178129883183,5,0,PULLBACK LONG / TREND_VOLUME LONG(補助) / HIGH_EDGE LONG(35.0),0,0,,,,,,,,
2026-08-28T09:06:01.539106+09:00,SUI_USDT,LOSS,LONG,A,A_MARKET,0.7809,0.7781668500000001,0.7863663,0.7781668500000001,0.5793008288330616,-0.5793008288330616,-1.0,39.37248046999877,5,0,PULLBACK LONG / TREND_VOLUME LONG(補助) / HIGH_EDGE LONG(35.0),0.0,1.5001,,,,,,2026-08-28T08:51:15.689547+09:00,2026-08-28T09:06:01.539099+09:00,2026-08-28T09:06:01.539099+09:00
2026-08-28T09:11:10.057062+09:00,SOXL_USDT,OPEN,SHORT,C,LIMIT,119.53904,119.95742664000001,118.70226672,,0.5709009668149821,,,39.37248046999877,0,1,OI SHORT(3.55%),0,0,,,,,,,,
2026-08-28T09:16:03.940848+09:00,SOXL_USDT,LOSS,SHORT,C,LIMIT,119.53904,119.95742664000001,118.70226672,119.95742664000001,0.5709009668149821,-0.5709009668149821,-1.0,38.80157950318379,0,1,OI SHORT(3.55%),0.0,1.6276,,,,,,2026-08-28T09:16:03.940843+09:00,2026-08-28T09:16:03.940843+09:00,2026-08-28T09:16:03.940843+09:00
2026-08-28T10:06:02.223188+09:00,DOGE_USDT,OPEN,LONG,A,A_MARKET,0.08926,0.08894759,0.08988481999999999,,0.562622902796165,,,38.80157950318379,5,0,PULLBACK LONG / TREND_VOLUME LONG(補助) / OI LONG(0.64%),0,0,,,,,,,,
2026-08-28T10:31:13.619984+09:00,DOGE_USDT,WIN,LONG,A,A_MARKET,0.08926,0.08894759,0.08988481999999999,0.08988481999999999,0.562622902796165,1.12524580559233,2.0,39.92682530877612,5,0,PULLBACK LONG / TREND_VOLUME LONG(補助) / OI LONG(0.64%),2.2727,0.032,2026-08-28T10:21:02.825427+09:00,2026-08-28T10:21:02.825427+09:00,2026-08-28T10:21:02.825427+09:00,2026-08-28T10:31:13.619977+09:00,,,,
2026-08-28T11:11:03.112806+09:00,SILVER_USDT,OPEN,NEUTRAL,C,LIMIT,68.80305000000001,69.1155122680049,68.17812546399023,,0.5789389669772537,,,39.92682530877612,0,0,条件不足または矛盾,0,0,,,,,,,,
2026-08-28T12:05:56.075380+09:00,SILVER_USDT,LOSS,NEUTRAL,C,LIMIT,68.80305000000001,69.1155122680049,68.17812546399023,69.1155122680049,0.5789389669772537,-0.5789389669772537,-1.0,39.34788634179886,0,0,条件不足または矛盾,0.0,1.0784,,,,,,2026-08-28T11:31:26.570773+09:00,2026-08-28T11:31:26.570773+09:00,2026-08-28T12:05:56.075373+09:00
2026-08-28T13:16:08.914927+09:00,SKHYNIXSTOCK_USDT,OPEN,NEUTRAL,C,LIMIT,1227.408355,1231.7042842425,1218.816496515,,0.5705443519560836,,,39.34788634179886,0,0,条件不足または矛盾,0,0,,,,,,,,
2026-08-28T14:21:02.348833+09:00,SKHYNIXSTOCK_USDT,WIN,NEUTRAL,C,LIMIT,1227.408355,1231.7042842425,1218.816496515,1218.816496515,0.5705443519560836,1.141088703912167,2.0,40.48897504571103,0,0,条件不足または矛盾,2.2785,0.3565,2026-08-28T13:31:15.926229+09:00,2026-08-28T13:36:01.256554+09:00,2026-08-28T14:11:04.759308+09:00,2026-08-28T14:21:02.348827+09:00,,,,
2026-08-28T14:46:01.073955+09:00,XAU_USDT,WIN,NEUTRAL,C,LIMIT,4607.230495,4623.3558017325,4574.979881535,4574.979881535,0.5879515621163565,1.175903124232713,2.0,41.66487816994374,0,0,条件不足または矛盾,2.049,0.39,2026-08-28T08:51:15.689530+09:00,2026-08-28T09:51:05.451508+09:00,2026-08-28T10:41:04.539150+09:00,2026-08-28T14:46:01.073937+09:00,,,,
2026-08-28T19:11:23.739528+09:00,SUI_USDT,OPEN,SHORT,C,LIMIT,0.7509247000000001,0.7553217755958078,0.7421305488083847,,0.6041407334641843,,,41.66487816994374,0,1,OI SHORT(0.85%),0,0,,,,,,,,
2026-08-28T19:11:23.739639+09:00,HYPE_USDT,OPEN,NEUTRAL,C,LIMIT,82.4585025,82.83712012097882,81.70126725804234,,0.6041407334641843,,,41.66487816994374,0,0,条件不足または矛盾,0,0,,,,,,,,
2026-08-28T19:16:16.242641+09:00,XRP_USDT,OPEN,NEUTRAL,C,LIMIT,1.4067069,1.4116303741500003,1.3968599517,,0.6041407334641843,,,41.66487816994374,0,0,条件不足または矛盾,0,0,,,,,,,,
2026-08-28T19:31:10.799390+09:00,SUI_USDT,LOSS,SHORT,C,LIMIT,0.7509247000000001,0.7553217755958078,0.7421305488083847,0.7553217755958078,0.6041407334641843,-0.6041407334641843,-1.0,41.060737436479556,0,1,OI SHORT(0.85%),0.0,1.268,,,,,,2026-08-28T19:16:16.242605+09:00,2026-08-28T19:16:16.242605+09:00,2026-08-28T19:31:10.799373+09:00
2026-08-28T19:31:10.799505+09:00,HYPE_USDT,LOSS,NEUTRAL,C,LIMIT,82.4585025,82.83712012097882,81.70126725804234,82.83712012097882,0.6041407334641843,-0.6041407334641843,-1.0,40.45659670301537,0,0,条件不足または矛盾,0.0,1.1185,,,,,,2026-08-28T19:16:16.242621+09:00,2026-08-28T19:31:10.799496+09:00,2026-08-28T19:31:10.799496+09:00
2026-08-28T19:31:10.799584+09:00,XRP_USDT,LOSS,NEUTRAL,C,LIMIT,1.4067069,1.4116303741500003,1.3968599517,1.4116303741500003,0.6041407334641843,-0.6041407334641843,-1.0,39.85245596955119,0,0,条件不足または矛盾,0.0217,1.1157,,,,,,2026-08-28T19:31:10.799577+09:00,2026-08-28T19:31:10.799577+09:00,2026-08-28T19:31:10.799577+09:00
2026-08-28T21:46:04.097745+09:00,TRUMPOFFICIAL_USDT,OPEN,NEUTRAL,C,LIMIT,2.734095,2.7584620321050712,2.685360935789858,,0.5778606115584922,,,39.85245596955119,0,0,条件不足または矛盾,0,0,,,,,,,,
2026-08-28T22:35:59.683424+09:00,ENA_USDT,OPEN,NEUTRAL,C,LIMIT,0.162232985,0.16336142093954018,0.15997611312091967,,0.5778606115584922,,,39.85245596955119,0,0,条件不足または矛盾,0,0,,,,,,,,
2026-08-28T22:41:05.197889+09:00,SPCXSTOCK_USDT,OPEN,NEUTRAL,C,LIMIT,139.76934,140.25853269,138.79095462,,0.5778606115584922,,,39.85245596955119,0,0,条件不足または矛盾,0,0,,,,,,,,
2026-08-28T22:46:05.920973+09:00,SPCXSTOCK_USDT,LOSS,NEUTRAL,C,LIMIT,139.76934,140.25853269,138.79095462,140.25853269,0.5778606115584922,-0.5778606115584922,-1.0,39.274595357992695,0,0,条件不足または矛盾,0.0,4.6008,,,,,,2026-08-28T22:46:05.920967+09:00,2026-08-28T22:46:05.920967+09:00,2026-08-28T22:46:05.920967+09:00
2026-08-28T22:56:02.379724+09:00,ENA_USDT,LOSS,NEUTRAL,C,LIMIT,0.162232985,0.16336142093954018,0.15997611312091967,0.16336142093954018,0.5778606115584922,-0.5778606115584922,-1.0,38.6967347464342,0,0,条件不足または矛盾,0.4457,1.8938,,,,,,2026-08-28T22:56:02.379717+09:00,2026-08-28T22:56:02.379717+09:00,2026-08-28T22:56:02.379717+09:00
2026-08-28T22:56:02.379898+09:00,SUI_USDT,OPEN,NEUTRAL,C,LIMIT,0.7562326500000001,0.7593164664016493,0.7500650171967015,,0.5611026538232959,,,38.6967347464342,0,0,条件不足または矛盾,0,0,,,,,,,,
2026-08-28T23:01:18.508496+09:00,SUI_USDT,LOSS,NEUTRAL,C,LIMIT,0.7562326500000001,0.7593164664016493,0.7500650171967015,0.7593164664016493,0.5611026538232959,-0.5611026538232959,-1.0,38.135632092610905,0,0,条件不足または矛盾,0.0,1.5784,,,,,,2026-08-28T23:01:18.508489+09:00,2026-08-28T23:01:18.508489+09:00,2026-08-28T23:01:18.508489+09:00
2026-08-28T23:11:05.786655+09:00,TRUMPOFFICIAL_USDT,WIN,NEUTRAL,C,LIMIT,2.734095,2.7584620321050712,2.685360935789858,2.685360935789858,0.5778606115584922,1.1557212231169844,2.0,39.29135331572789,0,0,条件不足または矛盾,2.0559,0.5706,2026-08-28T22:11:07.265725+09:00,2026-08-28T22:41:05.197850+09:00,2026-08-28T22:41:05.197850+09:00,2026-08-28T23:11:05.786636+09:00,,2026-08-28T23:01:18.508466+09:00,,
2026-08-28T23:11:05.786780+09:00,ENA_USDT,OPEN,SHORT,C,LIMIT,0.16017991,0.16214481908388478,0.15625009183223046,,0.5697246230780544,,,39.29135331572789,0,1,OI SHORT(1.50%),0,0,,,,,,,,
2026-08-28T23:21:28.025401+09:00,ENA_USDT,LOSS,SHORT,C,LIMIT,0.16017991,0.16214481908388478,0.15625009183223046,0.16214481908388478,0.5697246230780544,-0.5697246230780544,-1.0,38.72162869264984,0,1,OI SHORT(1.50%),0.0,1.3487,,,,,,2026-08-28T23:21:28.025385+09:00,2026-08-28T23:21:28.025385+09:00,2026-08-28T23:21:28.025385+09:00
2026-08-28T23:21:28.025487+09:00,SOL_USDT,OPEN,NEUTRAL,C,LIMIT,104.13597000000001,104.84823250196379,102.71144499607243,,0.5614636160434227,,,38.72162869264984,0,0,条件不足または矛盾,0,0,,,,,,,,
2026-08-28T23:21:28.025524+09:00,ADA_USDT,OPEN,NEUTRAL,C,LIMIT,0.20550780000000002,0.20688383475982536,0.20275573048034937,,0.5614636160434227,,,38.72162869264984,0,0,条件不足または矛盾,0,0,,,,,,,,
2026-08-28T23:21:28.025554+09:00,TAO_USDT,OPEN,SHORT,C,LIMIT,240.91082500000002,242.89809015277504,236.93629469445003,,0.5614636160434227,,,38.72162869264984,0,1,OI SHORT(0.96%),0,0,,,,,,,,
2026-08-28T23:21:28.025606+09:00,PEPE_USDT,OPEN,NEUTRAL,C,LIMIT,3.7514187000000003e-06,3.7779347883559582e-06,3.698386523288084e-06,,0.5614636160434227,,,38.72162869264984,0,0,条件不足または矛盾,0,0,,,,,,,,
2026-08-28T23:36:01.832545+09:00,SOL_USDT,LOSS,NEUTRAL,C,LIMIT,104.13597000000001,104.84823250196379,102.71144499607243,104.84823250196379,0.5614636160434227,-0.5614636160434227,-1.0,38.16016507660641,0,0,条件不足または矛盾,0.1347,1.5922,,,,,,2026-08-28T23:36:01.832523+09:00,2026-08-28T23:36:01.832523+09:00,2026-08-28T23:36:01.832523+09:00
2026-08-28T23:36:01.832723+09:00,ADA_USDT,LOSS,NEUTRAL,C,LIMIT,0.20550780000000002,0.20688383475982536,0.20275573048034937,0.20688383475982536,0.5614636160434227,-0.5614636160434227,-1.0,37.598701460562985,0,0,条件不足または矛盾,0.0,2.4652,,,,,,2026-08-28T23:26:04.723597+09:00,2026-08-28T23:26:04.723597+09:00,2026-08-28T23:36:01.832713+09:00
2026-08-28T23:36:01.832808+09:00,TAO_USDT,LOSS,SHORT,C,LIMIT,240.91082500000002,242.89809015277504,236.93629469445003,242.89809015277504,0.5614636160434227,-0.5614636160434227,-1.0,37.03723784451956,0,1,OI SHORT(0.96%),0.0,2.4552,,,,,,2026-08-28T23:26:04.723604+09:00,2026-08-28T23:26:04.723604+09:00,2026-08-28T23:36:01.832801+09:00
2026-08-28T23:36:01.832882+09:00,PEPE_USDT,LOSS,NEUTRAL,C,LIMIT,3.7514187000000003e-06,3.7779347883559582e-06,3.698386523288084e-06,3.7779347883559582e-06,0.5614636160434227,-0.5614636160434227,-1.0,36.47577422847613,0,0,条件不足または矛盾,0.0,2.3677,,,,,,2026-08-28T23:26:04.723609+09:00,2026-08-28T23:36:01.832875+09:00,2026-08-28T23:36:01.832875+09:00
2026-08-28T23:36:01.832971+09:00,BTC_USDT,OPEN,NEUTRAL,C,LIMIT,78935.72625,79347.13315250857,78112.91244498287,,0.5288987263129039,,,36.47577422847613,0,0,条件不足または矛盾,0,0,,,,,,,,
2026-08-28T23:36:01.833040+09:00,LINK_USDT,OPEN,NEUTRAL,C,LIMIT,11.667475000000001,11.753574808214013,11.495275383571977,,0.5288987263129039,,,36.47577422847613,0,0,条件不足または矛盾,0,0,,,,,,,,
2026-08-28T23:36:01.833106+09:00,XAUT_USDT,OPEN,NEUTRAL,C,LIMIT,4552.0178,4573.516252756431,4509.0208944871365,,0.5288987263129039,,,36.47577422847613,0,0,条件不足または矛盾,0,0,,,,,,,,
2026-08-28T23:41:09.949917+09:00,BTC_USDT,LOSS,NEUTRAL,C,LIMIT,78935.72625,79347.13315250857,78112.91244498287,79347.13315250857,0.5288987263129039,-0.5288987263129039,-1.0,35.94687550216323,0,0,条件不足または矛盾,0.0,1.5048,,,,,,2026-08-28T23:41:09.949897+09:00,2026-08-28T23:41:09.949897+09:00,2026-08-28T23:41:09.949897+09:00
2026-08-28T23:41:09.950044+09:00,LINK_USDT,LOSS,NEUTRAL,C,LIMIT,11.667475000000001,11.753574808214013,11.495275383571977,11.753574808214013,0.5288987263129039,-0.5288987263129039,-1.0,35.41797677585033,0,0,条件不足または矛盾,0.0,1.8063,,,,,,2026-08-28T23:41:09.950035+09:00,2026-08-28T23:41:09.950035+09:00,2026-08-28T23:41:09.950035+09:00
2026-08-29T00:16:05.042316+09:00,SPCXSTOCK_USDT,OPEN,NEUTRAL,C,LIMIT,142.20637,143.072123066305,140.47486386738998,,0.5135606632498297,,,35.41797677585033,0,0,条件不足または矛盾,0,0,,,,,,,,
2026-08-29T00:55:58.974378+09:00,SPCXSTOCK_USDT,WIN,NEUTRAL,C,LIMIT,142.20637,143.072123066305,140.47486386738998,140.47486386738998,0.5135606632498297,1.0271213264996595,2.0,36.44509810234999,0,0,条件不足または矛盾,2.2713,0.0,2026-08-29T00:21:14.402967+09:00,2026-08-29T00:46:04.807127+09:00,2026-08-29T00:51:05.886702+09:00,2026-08-29T00:55:58.974372+09:00,,,,
2026-08-29T01:05:58.554351+09:00,XAUT_USDT,WIN,NEUTRAL,C,LIMIT,4552.0178,4573.516252756431,4509.0208944871365,4509.0208944871365,0.5288987263129039,1.0577974526258078,2.0,37.502895554975794,0,0,条件不足または矛盾,2.1684,0.8364,2026-08-29T00:41:17.785287+09:00,2026-08-29T00:46:04.807105+09:00,2026-08-29T01:01:30.485872+09:00,2026-08-29T01:05:58.554330+09:00,,2026-08-29T00:01:21.825688+09:00,2026-08-29T00:01:21.825688+09:00,
2026-08-29T01:36:05.495777+09:00,XRP_USDT,OPEN,SHORT,C,LIMIT,1.3898817,1.4013524078372803,1.3669402843254397,,0.543791985547149,,,37.502895554975794,0,1,OI SHORT(0.50%),0,0,,,,,,,,
2026-08-29T01:36:05.495932+09:00,DOGE_USDT,OPEN,NEUTRAL,C,LIMIT,0.085037365,0.0856996049058575,0.08371288518828501,,0.543791985547149,,,37.502895554975794,0,0,条件不足または矛盾,0,0,,,,,,,,
2026-08-29T02:16:05.073276+09:00,NVIDIA_USDT,OPEN,SHORT,C,LIMIT,218.80772,219.60049641874642,217.22216716250708,,0.543791985547149,,,37.502895554975794,0,1,OI SHORT(3.27%),0,0,,,,,,,,
2026-08-29T02:16:05.378595+09:00,SKHYNIXSTOCK_USDT,OPEN,SHORT,A,A_MARKET,1208.41,1213.0308571428573,1199.168285714286,,0.543791985547149,,,37.502895554975794,0,5.5,"PULLBACK SHORT(補助) / TREND_VOLUME SHORT / HIGH_EDGE SHORT(37.0,弱補助) / OI SHORT(1.25%)",0,0,,,,,,,,
2026-08-29T02:51:07.274023+09:00,NVIDIA_USDT,LOSS,SHORT,C,LIMIT,218.80772,219.60049641874642,217.22216716250708,219.60049641874642,0.543791985547149,-0.543791985547149,-1.0,36.95910356942864,0,1,OI SHORT(3.27%),0.0097,1.1003,,,,,,2026-08-29T02:21:14.387557+09:00,2026-08-29T02:51:07.274018+09:00,2026-08-29T02:51:07.274018+09:00
2026-08-29T02:51:07.274140+09:00,SKHYNIXSTOCK_USDT,LOSS,SHORT,A,A_MARKET,1208.41,1213.0308571428573,1199.168285714286,1213.0308571428573,0.543791985547149,-0.543791985547149,-1.0,36.41531158388149,0,5.5,"PULLBACK SHORT(補助) / TREND_VOLUME SHORT / HIGH_EDGE SHORT(37.0,弱補助) / OI SHORT(1.25%)",0.1515,1.2227,,,,,,2026-08-29T02:51:07.274131+09:00,2026-08-29T02:51:07.274131+09:00,2026-08-29T02:51:07.274131+09:00
2026-08-29T03:31:13.415211+09:00,SOL_USDT,OPEN,NEUTRAL,C,LIMIT,103.80547500000002,104.24341372134465,102.92959755731074,,0.5280220179662817,,,36.41531158388149,0,0,条件不足または矛盾,0,0,,,,,,,,
2026-08-29T03:51:14.756496+09:00,XRP_USDT,WIN,SHORT,C,LIMIT,1.3898817,1.4013524078372803,1.3669402843254397,1.3669402843254397,0.543791985547149,1.087583971094298,2.0,37.50289555497579,0,1,OI SHORT(0.50%),2.0733,0.7775,2026-08-29T02:41:05.136521+09:00,2026-08-29T03:25:57.906555+09:00,2026-08-29T03:41:06.542135+09:00,2026-08-29T03:51:14.756478+09:00,,2026-08-29T01:41:15.684158+09:00,2026-08-29T01:46:50.783538+09:00,
2026-08-29T03:51:14.756622+09:00,SOL_USDT,WIN,NEUTRAL,C,LIMIT,103.80547500000002,104.24341372134465,102.92959755731074,102.92959755731074,0.5280220179662817,1.0560440359325634,2.0,38.55893959090835,0,0,条件不足または矛盾,2.6841,0.0,2026-08-29T03:36:01.649623+09:00,2026-08-29T03:36:01.649623+09:00,2026-08-29T03:46:10.450463+09:00,2026-08-29T03:51:14.756618+09:00,,,,
2026-08-29T04:02:50.636439+09:00,HYPE_USDT,OPEN,NEUTRAL,C,LIMIT,79.5281135,80.18266846068269,78.21900357863466,,0.5591046240681712,,,38.55893959090835,0,0,条件不足または矛盾,0,0,,,,,,,,
2026-08-29T04:02:50.636566+09:00,ENA_USDT,OPEN,NEUTRAL,C,LIMIT,0.15921847000000003,0.16066135607174326,0.15633269785651357,,0.5591046240681712,,,38.55893959090835,0,0,条件不足または矛盾,0,0,,,,,,,,
2026-08-29T04:02:50.636644+09:00,ADA_USDT,OPEN,NEUTRAL,C,LIMIT,0.2005003,0.2013859872943508,0.1987289254112983,,0.5591046240681712,,,38.55893959090835,0,0,条件不足または矛盾,0,0,,,,,,,,
2026-08-29T04:06:05.095760+09:00,ADA_USDT,LOSS,NEUTRAL,C,LIMIT,0.2005003,0.2013859872943508,0.1987289254112983,0.2013859872943508,0.5591046240681712,-0.5591046240681712,-1.0,37.99983496684018,0,0,条件不足または矛盾,0.0,1.2416,,,,,,2026-08-29T04:06:05.095755+09:00,2026-08-29T04:06:05.095755+09:00,2026-08-29T04:06:05.095755+09:00
2026-08-29T04:06:05.095897+09:00,PUMPFUN_USDT,OPEN,SHORT,C,LIMIT,0.0046269300000000005,0.004672736949481866,0.00453531610103627,,0.5509976070191827,,,37.99983496684018,0,1,OI SHORT(0.57%),0,0,,,,,,,,
2026-08-29T04:11:03.940269+09:00,ENA_USDT,LOSS,NEUTRAL,C,LIMIT,0.15921847000000003,0.16066135607174326,0.15633269785651357,0.16066135607174326,0.5591046240681712,-0.5591046240681712,-1.0,37.440730342772014,0,0,条件不足または矛盾,0.0,1.1723,,,,,,2026-08-29T04:06:05.095750+09:00,2026-08-29T04:06:05.095750+09:00,2026-08-29T04:11:03.940263+09:00
2026-08-29T05:47:01.861210+09:00,HYPE_USDT,LOSS,NEUTRAL,C,LIMIT,79.5281135,80.18266846068269,78.21900357863466,80.18266846068269,0.5591046240681712,-0.5591046240681712,-1.0,36.881625718703845,0,0,条件不足または矛盾,0.3531,1.1059,,,,,,2026-08-29T04:41:13.463593+09:00,2026-08-29T04:41:13.463593+09:00,2026-08-29T05:47:01.861203+09:00
2026-08-29T06:41:44.240886+09:00,PUMPFUN_USDT,WIN,SHORT,C,LIMIT,0.0046269300000000005,0.004672736949481866,0.00453531610103627,0.00453531610103627,0.5509976070191827,1.1019952140383653,2.0,37.98362093274221,0,1,OI SHORT(0.57%),2.7491,0.8748,2026-08-29T05:21:11.582675+09:00,2026-08-29T05:21:11.582675+09:00,2026-08-29T06:41:44.240880+09:00,2026-08-29T06:41:44.240880+09:00,,2026-08-29T04:32:08.401455+09:00,2026-08-29T04:32:08.401455+09:00,
2026-08-29T06:46:11.099741+09:00,ZEC_USDT,OPEN,NEUTRAL,C,LIMIT,796.7930150000001,800.6067369035402,789.1655711929197,,0.5507625035247621,,,37.98362093274221,0,0,条件不足または矛盾,0,0,,,,,,,,
2026-08-29T08:01:23.735643+09:00,ZEC_USDT,LOSS,NEUTRAL,C,LIMIT,796.7930150000001,800.6067369035402,789.1655711929197,800.6067369035402,0.5507625035247621,-0.5507625035247621,-1.0,37.43285842921745,0,0,条件不足または矛盾,1.4692,1.284,2026-08-29T06:51:16.776833+09:00,2026-08-29T06:55:59.832086+09:00,,,,2026-08-29T07:31:12.635019+09:00,2026-08-29T07:51:11.174243+09:00,2026-08-29T08:01:23.735636+09:00
2026-08-29T11:41:07.320233+09:00,ENA_USDT,OPEN,NEUTRAL,C,LIMIT,0.15876779500000002,0.15975304179565022,0.15679730140869963,,0.542776447223653,,,37.43285842921745,0,0,条件不足または矛盾,0,0,,,,,,,,
2026-08-29T11:51:00.794589+09:00,ENA_USDT,LOSS,NEUTRAL,C,LIMIT,0.15876779500000002,0.15975304179565022,0.15679730140869963,0.15975304179565022,0.542776447223653,-0.542776447223653,-1.0,36.890081981993795,0,0,条件不足または矛盾,0.0,1.1086,,,,,,2026-08-29T11:45:59.550753+09:00,2026-08-29T11:45:59.550753+09:00,2026-08-29T11:51:00.794582+09:00
2026-08-29T13:11:08.942572+09:00,SUI_USDT,OPEN,NEUTRAL,C,LIMIT,0.73760475,0.740186366625,0.73244151675,,0.53490618873891,,,36.890081981993795,0,0,条件不足または矛盾,0,0,,,,,,,,
2026-08-29T13:26:00.933456+09:00,TAO_USDT,OPEN,NEUTRAL,C,LIMIT,235.082095,235.90488233250002,233.436520335,,0.53490618873891,,,36.890081981993795,0,0,条件不足または矛盾,0,0,,,,,,,,
2026-08-29T13:55:57.589232+09:00,SUI_USDT,LOSS,NEUTRAL,C,LIMIT,0.73760475,0.740186366625,0.73244151675,0.740186366625,0.53490618873891,-0.53490618873891,-1.0,36.35517579325489,0,0,条件不足または矛盾,0.0,1.2764,,,,,,2026-08-29T13:16:12.576970+09:00,2026-08-29T13:51:06.279241+09:00,2026-08-29T13:55:57.589225+09:00
2026-08-29T14:11:07.474315+09:00,TAO_USDT,LOSS,NEUTRAL,C,LIMIT,235.082095,235.90488233250002,233.436520335,235.90488233250002,0.53490618873891,-0.53490618873891,-1.0,35.82026960451598,0,0,条件不足または矛盾,0.3307,1.2614,,,,,,2026-08-29T13:55:57.589340+09:00,2026-08-29T14:05:57.768774+09:00,2026-08-29T14:11:07.474307+09:00
2026-08-29T15:31:17.448164+09:00,ZEC_USDT,OPEN,NEUTRAL,C,LIMIT,795.23106,798.316820671966,789.0595386560681,,0.5193939092654817,,,35.82026960451598,0,0,条件不足または矛盾,0,0,,,,,,,,
2026-08-29T15:51:07.447539+09:00,PEPE_USDT,OPEN,SHORT,B+,LIMIT,3.6283343500000004e-06,3.6410335202250007e-06,3.6029360095500004e-06,,0.5193939092654817,,,35.82026960451598,0,4,TREND_VOLUME SHORT / OI SHORT(1.44%),0,0,,,,,,,,
2026-08-29T16:46:07.910693+09:00,SUI_USDT,OPEN,SHORT,A,A_MARKET,0.7375,0.7400812500000001,0.7323375000000001,,0.5193939092654817,,,35.82026960451598,0,5.5,"PULLBACK SHORT(補助) / TREND_VOLUME SHORT / HIGH_EDGE SHORT(41.0,弱補助) / OI SHORT(0.56%)",0,0,,,,,,,,
2026-08-29T19:16:07.495892+09:00,ZEC_USDT,LOSS,NEUTRAL,C,LIMIT,795.23106,798.316820671966,789.0595386560681,798.316820671966,0.5193939092654817,-0.5193939092654817,-1.0,35.3008756952505,0,0,条件不足または矛盾,1.7406,1.4029,2026-08-29T16:16:05.562954+09:00,2026-08-29T16:36:00.882274+09:00,2026-08-29T17:36:11.406821+09:00,,,2026-08-29T16:06:02.902612+09:00,2026-08-29T18:56:00.357992+09:00,2026-08-29T19:16:07.495886+09:00
2026-08-29T19:16:07.496029+09:00,SOL_USDT,OPEN,NEUTRAL,C,LIMIT,103.184545,103.5456909075,102.462253185,,0.5118626975811322,,,35.3008756952505,0,0,条件不足または矛盾,0,0,,,,,,,,
2026-08-29T20:11:10.959737+09:00,SOL_USDT,LOSS,NEUTRAL,C,LIMIT,103.184545,103.5456909075,102.462253185,103.5456909075,0.5118626975811322,-0.5118626975811322,-1.0,34.78901299766937,0,0,条件不足または矛盾,0.0,1.0119,,,,,,2026-08-29T19:21:06.288368+09:00,2026-08-29T19:21:06.288368+09:00,2026-08-29T20:11:10.959732+09:00
2026-08-29T20:51:13.528591+09:00,ENA_USDT,OPEN,NEUTRAL,C,LIMIT,0.154641615,0.15555070034591376,0.15282344430817252,,0.5044406884662058,,,34.78901299766937,0,0,条件不足または矛盾,0,0,,,,,,,,
2026-08-29T23:26:00.963685+09:00,PEPE_USDT,LOSS,SHORT,B+,LIMIT,3.6283343500000004e-06,3.6410335202250007e-06,3.6029360095500004e-06,3.6410335202250007e-06,0.5193939092654817,-0.5193939092654817,-1.0,34.269619088403886,0,4,TREND_VOLUME SHORT / OI SHORT(1.44%),1.8217,1.1155,2026-08-29T16:16:05.562961+09:00,2026-08-29T17:01:24.175284+09:00,2026-08-29T17:46:14.837354+09:00,,,2026-08-29T19:51:06.338410+09:00,2026-08-29T23:17:46.380465+09:00,2026-08-29T23:26:00.963679+09:00
2026-08-29T23:26:00.963812+09:00,SUI_USDT,LOSS,SHORT,A,A_MARKET,0.7375,0.7400812500000001,0.7323375000000001,0.7400812500000001,0.5193939092654817,-0.5193939092654817,-1.0,33.750225179138404,0,5.5,"PULLBACK SHORT(補助) / TREND_VOLUME SHORT / HIGH_EDGE SHORT(41.0,弱補助) / OI SHORT(0.56%)",1.8596,1.4334,2026-08-29T16:56:01.586311+09:00,2026-08-29T16:56:01.586311+09:00,2026-08-29T17:11:11.038816+09:00,,,2026-08-29T19:21:06.288363+09:00,2026-08-29T23:26:00.963805+09:00,2026-08-29T23:26:00.963805+09:00
2026-08-29T23:26:00.963888+09:00,ENA_USDT,LOSS,NEUTRAL,C,LIMIT,0.154641615,0.15555070034591376,0.15282344430817252,0.15555070034591376,0.5044406884662058,-0.5044406884662058,-1.0,33.2457844906722,0,0,条件不足または矛盾,0.1448,1.4062,,,,,,2026-08-29T21:06:01.232761+09:00,2026-08-29T21:16:16.868587+09:00,2026-08-29T23:26:00.963883+09:00
2026-08-30T00:51:17.309830+09:00,TRUMPOFFICIAL_USDT,OPEN,NEUTRAL,C,LIMIT,2.659984,2.6882270733590734,2.6034978532818536,,0.4820638751147469,,,33.2457844906722,0,0,条件不足または矛盾,0,0,,,,,,,,
2026-08-30T01:56:04.794144+09:00,XRP_USDT,OPEN,NEUTRAL,C,LIMIT,1.3925081000000001,1.3973818783500003,1.3827605433,,0.4820638751147469,,,33.2457844906722,0,0,条件不足または矛盾,0,0,,,,,,,,
2026-08-30T04:16:07.440655+09:00,TRUMPOFFICIAL_USDT,LOSS,NEUTRAL,C,LIMIT,2.659984,2.6882270733590734,2.6034978532818536,2.6882270733590734,0.4820638751147469,-0.4820638751147469,-1.0,32.76372061555745,0,0,条件不足または矛盾,1.0616,1.0274,2026-08-30T01:41:14.771510+09:00,2026-08-30T02:36:07.324579+09:00,,,,2026-08-30T01:11:10.150673+09:00,2026-08-30T04:16:07.440648+09:00,2026-08-30T04:16:07.440648+09:00
2026-08-30T04:46:00.999388+09:00,XRP_USDT,LOSS,NEUTRAL,C,LIMIT,1.3925081000000001,1.3973818783500003,1.3827605433,1.3973818783500003,0.4820638751147469,-0.4820638751147469,-1.0,32.281656740442706,0,0,条件不足または矛盾,1.4584,1.1063,2026-08-30T02:26:07.182824+09:00,2026-08-30T02:36:07.324586+09:00,,,,2026-08-30T03:51:10.882360+09:00,2026-08-30T04:16:07.440780+09:00,2026-08-30T04:46:00.999382+09:00
2026-08-30T06:11:15.739043+09:00,TAO_USDT,OPEN,NEUTRAL,C,LIMIT,235.5528,236.3772348,233.90393039999998,,0.46808402273641925,,,32.281656740442706,0,0,条件不足または矛盾,0,0,,,,,,,,
2026-08-30T07:31:18.542464+09:00,WLD_USDT,OPEN,NEUTRAL,C,LIMIT,0.3751619,0.37647496665,0.3725357667,,0.46808402273641925,,,32.281656740442706,0,0,条件不足または矛盾,0,0,,,,,,,,
2026-08-30T07:51:09.622108+09:00,WLD_USDT,LOSS,NEUTRAL,C,LIMIT,0.3751619,0.37647496665,0.3725357667,0.37647496665,0.46808402273641925,-0.46808402273641925,-1.0,31.813572717706286,0,0,条件不足または矛盾,0.0,1.3237,,,,,,2026-08-30T07:41:08.883831+09:00,2026-08-30T07:46:05.206782+09:00,2026-08-30T07:51:09.622103+09:00
2026-08-30T10:16:04.700376+09:00,TAO_USDT,WIN,NEUTRAL,C,LIMIT,235.5528,236.3772348,233.90393039999998,233.90393039999998,0.46808402273641925,0.9361680454728385,2.0,32.749740763179126,0,0,条件不足または矛盾,2.0654,0.8821,2026-08-30T06:31:15.049325+09:00,2026-08-30T09:26:03.891263+09:00,2026-08-30T10:11:10.347868+09:00,2026-08-30T10:16:04.700369+09:00,,2026-08-30T06:16:02.093074+09:00,2026-08-30T07:56:02.287182+09:00,
2026-08-30T13:36:00.777373+09:00,SPX500_USDT,OPEN,SHORT,A,A_MARKET,7720.2,7747.2207,7666.1586,,0.47487124106609735,,,32.749740763179126,0,5,PULLBACK SHORT(補助) / TREND_VOLUME SHORT / OI SHORT(1.86%),0,0,,,,,,,,
2026-08-30T13:56:04.965737+09:00,ZEC_USDT,OPEN,NEUTRAL,C,LIMIT,827.6796600000001,830.5765388100002,821.8859023800002,,0.47487124106609735,,,32.749740763179126,0,0,条件不足または矛盾,0,0,,,,,,,,
2026-08-30T14:06:00.667712+09:00,XRP_USDT,OPEN,NEUTRAL,C,LIMIT,1.3923854500000001,1.3972587990750003,1.38263875185,,0.47487124106609735,,,32.749740763179126,0,0,条件不足または矛盾,0,0,,,,,,,,
2026-08-30T15:01:36.664244+09:00,ZEC_USDT,LOSS,NEUTRAL,C,LIMIT,827.6796600000001,830.5765388100002,821.8859023800002,830.5765388100002,0.47487124106609735,-0.47487124106609735,-1.0,32.27486952211303,0,0,条件不足または矛盾,0.0,1.0495,,,,,,2026-08-30T14:01:23.466307+09:00,2026-08-30T15:01:36.664239+09:00,2026-08-30T15:01:36.664239+09:00
2026-08-30T15:26:08.158280+09:00,XRP_USDT,LOSS,NEUTRAL,C,LIMIT,1.3923854500000001,1.3972587990750003,1.38263875185,1.3972587990750003,0.47487124106609735,-0.47487124106609735,-1.0,31.799998281046932,0,0,条件不足または矛盾,0.0,1.0495,,,,,,2026-08-30T15:26:08.158274+09:00,2026-08-30T15:26:08.158274+09:00,2026-08-30T15:26:08.158274+09:00
2026-08-30T16:01:23.214327+09:00,SOL_USDT,OPEN,NEUTRAL,C,LIMIT,105.09741000000001,105.46525093500001,104.36172813,,0.4610999750751805,,,31.799998281046932,0,0,条件不足または矛盾,0,0,,,,,,,,
2026-08-30T18:26:08.191060+09:00,ZEC_USDT,OPEN,LONG,C,LIMIT,836.743,833.8143995000001,842.600201,,0.4610999750751805,,,31.799998281046932,1,0,TREND_VOLUME LONG(補助),0,0,,,,,,,,
2026-08-30T18:41:08.231244+09:00,ZEC_USDT,LOSS,LONG,C,LIMIT,836.743,833.8143995000001,842.600201,833.8143995000001,0.4610999750751805,-0.4610999750751805,-1.0,31.338898305971753,1,0,TREND_VOLUME LONG(補助),0.0,1.2098,,,,,,2026-08-30T18:31:18.115595+09:00,2026-08-30T18:36:10.234076+09:00,2026-08-30T18:41:08.231239+09:00
2026-08-30T18:46:12.962830+09:00,PEPE_USDT,OPEN,NEUTRAL,C,LIMIT,3.6228261e-06,3.6355059913500004e-06,3.5974663173e-06,,0.45441402543659043,,,31.338898305971753,0,0,条件不足または矛盾,0,0,,,,,,,,
2026-08-30T19:41:06.753083+09:00,PEPE_USDT,LOSS,NEUTRAL,C,LIMIT,3.6228261e-06,3.6355059913500004e-06,3.5974663173e-06,3.6355059913500004e-06,0.45441402543659043,-0.45441402543659043,-1.0,30.884484280535162,0,0,条件不足または矛盾,0.1756,1.2203,,,,,,2026-08-30T19:26:10.411843+09:00,2026-08-30T19:36:12.289951+09:00,2026-08-30T19:41:06.753078+09:00
2026-08-30T21:11:18.447045+09:00,SOL_USDT,LOSS,NEUTRAL,C,LIMIT,105.09741000000001,105.46525093500001,104.36172813,105.46525093500001,0.4610999750751805,-0.4610999750751805,-1.0,30.423384305459983,0,0,条件不足または矛盾,1.8416,1.6382,2026-08-30T16:46:12.949262+09:00,2026-08-30T17:46:10.643421+09:00,2026-08-30T17:51:13.089272+09:00,,,2026-08-30T21:06:02.195767+09:00,2026-08-30T21:06:02.195767+09:00,2026-08-30T21:11:18.447041+09:00
2026-08-30T21:21:11.349677+09:00,HYPE_USDT,OPEN,NEUTRAL,C,LIMIT,83.45463000000001,83.74672120500001,82.87044759000001,,0.4411390724291698,,,30.423384305459983,0,0,条件不足または矛盾,0,0,,,,,,,,
2026-08-30T22:06:02.530040+09:00,HYPE_USDT,LOSS,NEUTRAL,C,LIMIT,83.45463000000001,83.74672120500001,82.87044759000001,83.74672120500001,0.4411390724291698,-0.4411390724291698,-1.0,29.982245233030813,0,0,条件不足または矛盾,0.478,1.2509,,,,,,2026-08-30T22:01:25.695316+09:00,2026-08-30T22:06:02.530034+09:00,2026-08-30T22:06:02.530034+09:00
2026-08-30T22:36:03.084667+09:00,PEPE_USDT,OPEN,LONG,A,A_MARKET,3.6523e-06,3.6395169500000003e-06,3.6778661e-06,,0.43474255587894683,,,29.982245233030813,5,0,PULLBACK LONG / TREND_VOLUME LONG(補助) / OI LONG(0.70%),0,0,,,,,,,,
2026-08-31T00:06:09.015718+09:00,AAVE_USDT,OPEN,NEUTRAL,C,LIMIT,126.19043,126.632096505,125.30709699,,0.43474255587894683,,,29.982245233030813,0,0,条件不足または矛盾,0,0,,,,,,,,
2026-08-31T00:11:12.698894+09:00,PEPE_USDT,WIN,LONG,A,A_MARKET,3.6523e-06,3.6395169500000003e-06,3.6778661e-06,3.6778661e-06,0.43474255587894683,0.8694851117578937,2.0,30.851730344788706,5,0,PULLBACK LONG / TREND_VOLUME LONG(補助) / OI LONG(0.70%),2.1122,0.0,2026-08-30T22:46:11.179542+09:00,2026-08-30T22:51:12.249078+09:00,2026-08-30T22:51:12.249078+09:00,2026-08-31T00:11:12.698889+09:00,,,,
2026-08-31T00:41:09.741115+09:00,PEPE_USDT,OPEN,LONG,A,A_MARKET,3.688e-06,3.6715771428571427e-06,3.7208457142857144e-06,,0.44735008999943626,,,30.851730344788706,5,0,PULLBACK LONG / HIGH_EDGE LONG(35.0) / OI LONG(0.58%),0,0,,,,,,,,
2026-08-31T01:16:07.849893+09:00,DOGE_USDT,LOSS,NEUTRAL,C,LIMIT,0.085037365,0.0856996049058575,0.08371288518828501,0.0856996049058575,0.543791985547149,-0.543791985547149,-1.0,30.307938359241557,0,0,条件不足または矛盾,1.7779,1.4385,2026-08-29T03:21:03.975589+09:00,2026-08-29T03:41:06.542165+09:00,2026-08-29T03:51:14.756610+09:00,,,2026-08-29T01:41:15.684179+09:00,2026-08-29T01:46:50.783561+09:00,2026-08-31T01:16:07.849873+09:00
2026-08-31T01:16:07.850029+09:00,AAVE_USDT,LOSS,NEUTRAL,C,LIMIT,126.19043,126.632096505,125.30709699,126.632096505,0.43474255587894683,-0.43474255587894683,-1.0,29.87319580336261,0,0,条件不足または矛盾,1.1104,2.1273,2026-08-31T00:16:05.763531+09:00,2026-08-31T00:16:05.763531+09:00,,,,2026-08-31T01:16:07.850024+09:00,2026-08-31T01:16:07.850024+09:00,2026-08-31T01:16:07.850024+09:00
2026-08-31T01:16:07.850112+09:00,PEPE_USDT,WIN,LONG,A,A_MARKET,3.688e-06,3.6715771428571427e-06,3.7208457142857144e-06,3.7208457142857144e-06,0.44735008999943626,0.8947001799988725,2.0,30.76789598336148,5,0,PULLBACK LONG / HIGH_EDGE LONG(35.0) / OI LONG(0.58%),2.0886,0.9255,2026-08-31T01:16:07.850105+09:00,2026-08-31T01:16:07.850105+09:00,2026-08-31T01:16:07.850105+09:00,2026-08-31T01:16:07.850105+09:00,,2026-08-31T00:51:15.875655+09:00,2026-08-31T00:56:03.402614+09:00,
2026-08-31T01:16:08.207836+09:00,XAUT_USDT,OPEN,LONG,A,A_MARKET,4462.0,4446.383,4493.2339999999995,,0.4461344917587415,,,30.76789598336148,5,0,PULLBACK LONG / TREND_VOLUME LONG(補助) / HIGH_EDGE LONG(43.0),0,0,,,,,,,,
2026-08-31T02:01:29.766961+09:00,PROM_USDT,OPEN,NEUTRAL,C,LIMIT,6.8592735000000005,6.945492939496044,6.686834621007914,,0.4461344917587415,,,30.76789598336148,0,0,条件不足または矛盾,0,0,,,,,,,,
2026-08-31T02:16:13.465071+09:00,PROM_USDT,LOSS,NEUTRAL,C,LIMIT,6.8592735000000005,6.945492939496044,6.686834621007914,6.945492939496044,0.4461344917587415,-0.4461344917587415,-1.0,30.32176149160274,0,0,条件不足または矛盾,0.038,1.0291,,,,,,2026-08-31T02:11:05.580003+09:00,2026-08-31T02:11:05.580003+09:00,2026-08-31T02:16:13.465066+09:00
2026-08-31T03:31:21.579841+09:00,PUMPFUN_USDT,OPEN,NEUTRAL,C,LIMIT,0.004755122,0.0047813347063952434,0.004702696587209512,,0.43966554162823973,,,30.32176149160274,0,0,条件不足または矛盾,0,0,,,,,,,,
2026-08-31T03:46:18.832065+09:00,XMR_USDT,OPEN,NEUTRAL,C,LIMIT,492.51767,495.5471515912307,486.45870681753854,,0.43966554162823973,,,30.32176149160274,0,0,条件不足または矛盾,0,0,,,,,,,,
2026-08-31T04:41:13.402815+09:00,XMR_USDT,WIN,NEUTRAL,C,LIMIT,492.51767,495.5471515912307,486.45870681753854,486.45870681753854,0.43966554162823973,0.8793310832564795,2.0,31.201092574859217,0,0,条件不足または矛盾,2.1811,0.2912,2026-08-31T04:06:08.706408+09:00,2026-08-31T04:06:08.706408+09:00,2026-08-31T04:41:13.402808+09:00,2026-08-31T04:41:13.402808+09:00,,,,
2026-08-31T04:46:07.830388+09:00,PUMPFUN_USDT,WIN,NEUTRAL,C,LIMIT,0.004755122,0.0047813347063952434,0.004702696587209512,0.004702696587209512,0.43966554162823973,0.8793310832564795,2.0,32.0804236581157,0,0,条件不足または矛盾,4.2011,0.8728,2026-08-31T04:36:02.030707+09:00,2026-08-31T04:36:02.030707+09:00,2026-08-31T04:41:13.402802+09:00,2026-08-31T04:46:07.830382+09:00,2026-08-31T04:46:07.830382+09:00,2026-08-31T03:36:09.696569+09:00,2026-08-31T04:16:18.055073+09:00,
2026-08-31T04:51:12.289617+09:00,PUMPFUN_USDT,OPEN,NEUTRAL,C,LIMIT,0.0046519675000000005,0.004683348241292924,0.004589206017414151,,0.46516614304267767,,,32.0804236581157,0,0,条件不足または矛盾,0,0,,,,,,,,
2026-08-31T05:01:38.541948+09:00,PUMPFUN_USDT,LOSS,NEUTRAL,C,LIMIT,0.0046519675000000005,0.004683348241292924,0.004589206017414151,0.004683348241292924,0.46516614304267767,-0.46516614304267767,-1.0,31.615257515073022,0,0,条件不足または矛盾,0.0,1.5625,,,,,,2026-08-31T04:56:08.461594+09:00,2026-08-31T05:01:38.541943+09:00,2026-08-31T05:01:38.541943+09:00
2026-08-31T05:36:16.795041+09:00,ENA_USDT,OPEN,SHORT,B+,LIMIT,0.158988125,0.15997049899169152,0.15702337701661692,,0.45842123396855883,,,31.615257515073022,0,4,TREND_VOLUME SHORT / OI SHORT(0.96%),0,0,,,,,,,,
2026-08-31T06:11:13.702121+09:00,HYPE_USDT,OPEN,NEUTRAL,C,LIMIT,81.7133865,82.0650398408358,81.0100798183284,,0.45842123396855883,,,31.615257515073022,0,0,条件不足または矛盾,0,0,,,,,,,,
2026-08-31T06:31:22.513727+09:00,HYPE_USDT,LOSS,NEUTRAL,C,LIMIT,81.7133865,82.0650398408358,81.0100798183284,82.0650398408358,0.45842123396855883,-0.45842123396855883,-1.0,31.156836281104464,0,0,条件不足または矛盾,0.0,1.2388,,,,,,2026-08-31T06:21:12.114251+09:00,2026-08-31T06:21:12.114251+09:00,2026-08-31T06:31:22.513722+09:00
2026-08-31T06:31:22.513866+09:00,PUMPFUN_USDT,OPEN,NEUTRAL,C,LIMIT,0.004648963000000001,0.004675528502857144,0.004595831994285714,,0.45177412607601475,,,31.156836281104464,0,0,条件不足または矛盾,0,0,,,,,,,,
2026-08-31T06:36:05.189844+09:00,PUMPFUN_USDT,LOSS,NEUTRAL,C,LIMIT,0.004648963000000001,0.004675528502857144,0.004595831994285714,0.004675528502857144,0.45177412607601475,-0.45177412607601475,-1.0,30.70506215502845,0,0,条件不足または矛盾,0.0,1.0554,,,,,,2026-08-31T06:36:05.189840+09:00,2026-08-31T06:36:05.189840+09:00,2026-08-31T06:36:05.189840+09:00
2026-08-31T06:36:05.189944+09:00,DOGE_USDT,OPEN,NEUTRAL,C,LIMIT,0.08458668999999999,0.08503011438412848,0.08369984123174302,,0.44522340124791254,,,30.70506215502845,0,0,条件不足または矛盾,0,0,,,,,,,,
2026-08-31T07:01:38.890957+09:00,XAUT_USDT,LOSS,LONG,A,A_MARKET,4462.0,4446.383,4493.2339999999995,4446.383,0.4461344917587415,-0.4461344917587415,-1.0,30.25892766326971,5,0,PULLBACK LONG / TREND_VOLUME LONG(補助) / HIGH_EDGE LONG(43.0),0.1729,1.4215,,,,,,2026-08-31T06:46:08.486137+09:00,2026-08-31T06:46:08.486137+09:00,2026-08-31T07:01:38.890952+09:00
2026-08-31T07:21:17.714793+09:00,ENA_USDT,WIN,SHORT,B+,LIMIT,0.158988125,0.15997049899169152,0.15702337701661692,0.15702337701661692,0.45842123396855883,0.9168424679371177,2.0,31.17577013120683,0,4,TREND_VOLUME SHORT / OI SHORT(0.96%),2.0034,0.5211,2026-08-31T05:46:10.244101+09:00,2026-08-31T06:26:01.159591+09:00,2026-08-31T07:16:06.950312+09:00,2026-08-31T07:21:17.714787+09:00,,2026-08-31T05:56:05.432106+09:00,,
2026-08-31T07:26:06.782947+09:00,DOGE_USDT,WIN,NEUTRAL,C,LIMIT,0.08458668999999999,0.08503011438412848,0.08369984123174302,0.08369984123174302,0.44522340124791254,0.8904468024958251,2.0,32.066216933702655,0,0,条件不足または矛盾,2.0447,0.4585,2026-08-31T06:51:06.604353+09:00,2026-08-31T07:26:06.782940+09:00,2026-08-31T07:26:06.782940+09:00,2026-08-31T07:26:06.782940+09:00,,,,
2026-08-31T08:55:59.602260+09:00,TAO_USDT,OPEN,SHORT,C,LIMIT,226.689525,228.87584462078337,222.31688575843333,,0.46496014553868853,,,32.066216933702655,0,1,OI SHORT(1.08%),0,0,,,,,,,,
2026-08-31T08:55:59.602390+09:00,SILVER_USDT,OPEN,NEUTRAL,C,LIMIT,66.309315,66.5413976025,65.845149795,,0.46496014553868853,,,32.066216933702655,0,0,条件不足または矛盾,0,0,,,,,,,,
2026-08-31T09:01:42.150325+09:00,XAU_USDT,OPEN,NEUTRAL,C,LIMIT,4455.1827650000005,4470.775904677501,4423.996485645001,,0.46496014553868853,,,32.066216933702655,0,0,条件不足または矛盾,0,0,,,,,,,,
2026-08-31T09:16:14.690312+09:00,SILVER_USDT,LOSS,NEUTRAL,C,LIMIT,66.309315,66.5413976025,65.845149795,66.5413976025,0.46496014553868853,-0.46496014553868853,-1.0,31.601256788163965,0,0,条件不足または矛盾,0.0,1.3818,,,,,,2026-08-31T09:01:42.150301+09:00,2026-08-31T09:01:42.150301+09:00,2026-08-31T09:16:14.690307+09:00
2026-08-31T09:16:14.690459+09:00,XAUT_USDT,OPEN,NEUTRAL,C,LIMIT,4434.241400000001,4449.761244900001,4403.201710200001,,0.45821822342837754,,,31.601256788163965,0,0,条件不足または矛盾,0,0,,,,,,,,
2026-08-31T09:35:59.954020+09:00,XAU_USDT,LOSS,NEUTRAL,C,LIMIT,4455.1827650000005,4470.775904677501,4423.996485645001,4470.775904677501,0.46496014553868853,-0.46496014553868853,-1.0,31.136296642625275,0,0,条件不足または矛盾,0.0,1.0343,,,,,,2026-08-31T09:16:14.690428+09:00,2026-08-31T09:16:14.690428+09:00,2026-08-31T09:35:59.954014+09:00
2026-08-31T09:35:59.954137+09:00,XAUT_USDT,LOSS,NEUTRAL,C,LIMIT,4434.241400000001,4449.761244900001,4403.201710200001,4449.761244900001,0.45821822342837754,-0.45821822342837754,-1.0,30.678078419196897,0,0,条件不足または矛盾,0.0,1.2216,,,,,,2026-08-31T09:21:21.249235+09:00,2026-08-31T09:21:21.249235+09:00,2026-08-31T09:35:59.954128+09:00
2026-08-31T09:35:59.954231+09:00,PROM_USDT,OPEN,SHORT,C,LIMIT,6.228328500000001,6.351297408984855,5.9823906820302915,,0.444832137078355,,,30.678078419196897,0,0.5,"HIGH_EDGE SHORT(39.0,弱補助)",0,0,,,,,,,,
2026-08-31T11:11:13.239765+09:00,ZEC_USDT,OPEN,NEUTRAL,C,LIMIT,827.41927,833.5541211995553,815.1495676008892,,0.444832137078355,,,30.678078419196897,0,0,条件不足または矛盾,0,0,,,,,,,,
2026-08-31T11:51:09.058181+09:00,ZEC_USDT,WIN,NEUTRAL,C,LIMIT,827.41927,833.5541211995553,815.1495676008892,815.1495676008892,0.444832137078355,0.88966427415671,2.0,31.56774269335361,0,0,条件不足または矛盾,2.8736,0.538,2026-08-31T11:46:13.409736+09:00,2026-08-31T11:51:09.058175+09:00,2026-08-31T11:51:09.058175+09:00,2026-08-31T11:51:09.058175+09:00,,2026-08-31T11:16:14.466091+09:00,,
2026-08-31T11:56:06.712265+09:00,SILVER_USDT,OPEN,NEUTRAL,C,LIMIT,65.97882,66.22864686976442,65.47916626047115,,0.45773226905362735,,,31.56774269335361,0,0,条件不足または矛盾,0,0,,,,,,,,
2026-08-31T12:11:22.132913+09:00,SILVER_USDT,LOSS,NEUTRAL,C,LIMIT,65.97882,66.22864686976442,65.47916626047115,66.22864686976442,0.45773226905362735,-0.45773226905362735,-1.0,31.110010424299983,0,0,条件不足または矛盾,0.0,1.1655,,,,,,2026-08-31T12:01:27.862306+09:00,2026-08-31T12:05:59.813436+09:00,2026-08-31T12:11:22.132908+09:00
2026-08-31T12:11:22.133061+09:00,UNI_USDT,OPEN,NEUTRAL,C,LIMIT,5.0205195,5.059989933234068,4.941578633531864,,0.45109515115234977,,,31.110010424299983,0,0,条件不足または矛盾,0,0,,,,,,,,
2026-08-31T12:51:08.639171+09:00,UNI_USDT,LOSS,NEUTRAL,C,LIMIT,5.0205195,5.059989933234068,4.941578633531864,5.059989933234068,0.45109515115234977,-0.45109515115234977,-1.0,30.658915273147635,0,0,条件不足または矛盾,0.0,1.1016,,,,,,2026-08-31T12:46:02.397317+09:00,2026-08-31T12:46:02.397317+09:00,2026-08-31T12:51:08.639166+09:00
2026-08-31T14:21:12.703594+09:00,TAO_USDT,LOSS,SHORT,C,LIMIT,226.689525,228.87584462078337,222.31688575843333,228.87584462078337,0.46496014553868853,-0.46496014553868853,-1.0,30.193955127608945,0,1,OI SHORT(1.08%),0.7636,1.226,2026-08-31T09:11:26.622026+09:00,,,,,2026-08-31T09:21:21.249223+09:00,2026-08-31T09:35:59.954007+09:00,2026-08-31T14:21:12.703588+09:00
2026-08-31T15:51:22.948463+09:00,SOL_USDT,OPEN,NEUTRAL,C,LIMIT,102.65578500000001,103.01508024750001,101.93719450500001,,0.4378123493503297,,,30.193955127608945,0,0,条件不足または矛盾,0,0,,,,,,,,
2026-08-31T16:26:09.324394+09:00,SOL_USDT,LOSS,NEUTRAL,C,LIMIT,102.65578500000001,103.01508024750001,101.93719450500001,103.01508024750001,0.4378123493503297,-0.4378123493503297,-1.0,29.756142778258614,0,0,条件不足または矛盾,0.0,1.0415,,,,,,2026-08-31T16:21:13.353639+09:00,2026-08-31T16:21:13.353639+09:00,2026-08-31T16:26:09.324389+09:00
2026-08-31T18:06:05.960164+09:00,LINK_USDT,OPEN,NEUTRAL,C,LIMIT,11.2620815,11.30149878525,11.183246929500001,,0.4314640702847499,,,29.756142778258614,0,0,条件不足または矛盾,0,0,,,,,,,,
2026-08-31T18:16:10.226177+09:00,XRP_USDT,OPEN,NEUTRAL,C,LIMIT,1.3721387000000003,1.377648538912935,1.3611190221741307,,0.4314640702847499,,,29.756142778258614,0,0,条件不足または矛盾,0,0,,,,,,,,
2026-08-31T18:36:06.968618+09:00,LINK_USDT,LOSS,NEUTRAL,C,LIMIT,11.2620815,11.30149878525,11.183246929500001,11.30149878525,0.4314640702847499,-0.4314640702847499,-1.0,29.324678707973863,0,0,条件不足または矛盾,0.1543,1.5708,,,,,,2026-08-31T18:11:13.286305+09:00,2026-08-31T18:26:02.283196+09:00,2026-08-31T18:36:06.968611+09:00
2026-08-31T19:51:16.210169+09:00,XRP_USDT,LOSS,NEUTRAL,C,LIMIT,1.3721387000000003,1.377648538912935,1.3611190221741307,1.377648538912935,0.4314640702847499,-0.4314640702847499,-1.0,28.893214637689113,0,0,条件不足または矛盾,0.5334,1.0819,2026-08-31T19:11:19.098842+09:00,,,,,2026-08-31T18:26:02.283203+09:00,2026-08-31T18:26:02.283203+09:00,2026-08-31T19:51:16.210162+09:00
2026-08-31T19:51:16.432722+09:00,SOL_USDT,OPEN,LONG,A,A_MARKET,103.36,102.99824000000001,104.08352,,0.41895161224649213,,,28.893214637689113,5,0,PULLBACK LONG / TREND_VOLUME LONG(補助) / HIGH_EDGE LONG(38.0),0,0,,,,,,,,
2026-08-31T19:56:11.725878+09:00,LINK_USDT,OPEN,LONG,A,A_MARKET,11.322,11.282373,11.401253999999998,,0.41895161224649213,,,28.893214637689113,5,0,PULLBACK LONG / TREND_VOLUME LONG(補助) / OI LONG(0.50%),0,0,,,,,,,,
2026-08-31T20:36:06.602251+09:00,LINK_USDT,LOSS,LONG,A,A_MARKET,11.322,11.282373,11.401253999999998,11.282373,0.41895161224649213,-0.41895161224649213,-1.0,28.47426302544262,5,0,PULLBACK LONG / TREND_VOLUME LONG(補助) / OI LONG(0.50%),0.0,1.4384,,,,,,2026-08-31T20:06:08.778483+09:00,2026-08-31T20:31:15.053723+09:00,2026-08-31T20:36:06.602245+09:00
2026-08-31T21:21:16.451608+09:00,WLD_USDT,OPEN,NEUTRAL,C,LIMIT,0.36084045000000003,0.36212381852400716,0.3582737129519858,,0.412876813868918,,,28.47426302544262,0,0,条件不足または矛盾,0,0,,,,,,,,
2026-08-31T21:41:15.825614+09:00,SOL_USDT,LOSS,LONG,A,A_MARKET,103.36,102.99824000000001,104.08352,102.99824000000001,0.41895161224649213,-0.41895161224649213,-1.0,28.05531141319613,5,0,PULLBACK LONG / TREND_VOLUME LONG(補助) / HIGH_EDGE LONG(38.0),1.9626,1.9626,2026-08-31T19:56:10.870248+09:00,2026-08-31T19:56:10.870248+09:00,2026-08-31T20:21:11.893321+09:00,,,2026-08-31T21:26:05.261735+09:00,2026-08-31T21:26:05.261735+09:00,2026-08-31T21:41:15.825608+09:00
2026-08-31T21:41:15.825729+09:00,WLD_USDT,WIN,NEUTRAL,C,LIMIT,0.36084045000000003,0.36212381852400716,0.3582737129519858,0.3582737129519858,0.412876813868918,0.825753627737836,2.0,28.881065040933965,0,0,条件不足または矛盾,3.3042,0.0,2026-08-31T21:26:05.261742+09:00,2026-08-31T21:26:05.261742+09:00,2026-08-31T21:26:05.261742+09:00,2026-08-31T21:41:15.825724+09:00,2026-08-31T21:41:15.825724+09:00,,,
2026-08-31T22:06:08.980594+09:00,UNI_USDT,OPEN,NEUTRAL,C,LIMIT,5.0886215,5.1190000526360055,5.027864394727992,,0.41877544309354253,,,28.881065040933965,0,0,条件不足または矛盾,0,0,,,,,,,,
2026-08-31T22:16:08.683908+09:00,SKHYNIXSTOCK_USDT,OPEN,NEUTRAL,C,LIMIT,1203.36234,1207.57410819,1194.9388036199998,,0.41877544309354253,,,28.881065040933965,0,0,条件不足または矛盾,0,0,,,,,,,,
2026-08-31T22:31:16.114199+09:00,UNI_USDT,LOSS,NEUTRAL,C,LIMIT,5.0886215,5.1190000526360055,5.027864394727992,5.1190000526360055,0.41877544309354253,-0.41877544309354253,-1.0,28.46228959784042,0,0,条件不足または矛盾,0.0863,1.1646,,,,,,2026-08-31T22:31:16.114192+09:00,2026-08-31T22:31:16.114192+09:00,2026-08-31T22:31:16.114192+09:00
2026-08-31T22:31:16.114350+09:00,SKHYNIXSTOCK_USDT,LOSS,NEUTRAL,C,LIMIT,1203.36234,1207.57410819,1194.9388036199998,1207.57410819,0.41877544309354253,-0.41877544309354253,-1.0,28.043514154746877,0,0,条件不足または矛盾,0.0,3.2712,,,,,,2026-08-31T22:26:05.776430+09:00,2026-08-31T22:26:05.776430+09:00,2026-08-31T22:31:16.114341+09:00
2026-08-31T22:31:16.114450+09:00,MUSTOCK_USDT,OPEN,NEUTRAL,C,LIMIT,923.993915,927.2278937025001,917.525957595,,0.40663095524382975,,,28.043514154746877,0,0,条件不足または矛盾,0,0,,,,,,,,
2026-08-31T22:36:07.484746+09:00,MUSTOCK_USDT,LOSS,NEUTRAL,C,LIMIT,923.993915,927.2278937025001,917.525957595,927.2278937025001,0.40663095524382975,-0.40663095524382975,-1.0,27.636883199503046,0,0,条件不足または矛盾,0.0,5.2678,,,,,,2026-08-31T22:36:07.484739+09:00,2026-08-31T22:36:07.484739+09:00,2026-08-31T22:36:07.484739+09:00
2026-08-31T22:41:12.898813+09:00,AVAX_USDT,OPEN,NEUTRAL,C,LIMIT,7.1717415,7.196842595250001,7.1215393095,,0.4007348063927942,,,27.636883199503046,0,0,条件不足または矛盾,0,0,,,,,,,,
2026-08-31T23:21:15.657928+09:00,WLD_USDT,OPEN,NEUTRAL,C,LIMIT,0.354531,0.3565369739566613,0.3505190520866774,,0.4007348063927942,,,27.636883199503046,0,0,条件不足または矛盾,0,0,,,,,,,,
2026-08-31T23:26:06.024777+09:00,SPX500_USDT,WIN,SHORT,A,A_MARKET,7720.2,7747.2207,7666.1586,7666.1586,0.47487124106609735,0.9497424821321947,2.0,28.58662568163524,0,5,PULLBACK SHORT(補助) / TREND_VOLUME SHORT / OI SHORT(1.86%),2.0503,0.6402,2026-08-31T07:01:38.890936+09:00,2026-08-31T08:26:09.254439+09:00,2026-08-31T08:51:06.114445+09:00,2026-08-31T23:26:06.024753+09:00,,2026-08-31T01:06:05.945141+09:00,,
2026-08-31T23:31:23.709856+09:00,WLD_USDT,LOSS,NEUTRAL,C,LIMIT,0.354531,0.3565369739566613,0.3505190520866774,0.3565369739566613,0.4007348063927942,-0.4007348063927942,-1.0,28.185890875242446,0,0,条件不足または矛盾,0.2149,1.0314,,,,,,2026-08-31T23:31:23.709838+09:00,2026-08-31T23:31:23.709838+09:00,2026-08-31T23:31:23.709838+09:00
2026-09-01T01:06:05.914376+09:00,TAO_USDT,OPEN,NEUTRAL,C,LIMIT,226.15873000000002,227.24509319316377,223.98600361367252,,0.4086954176910155,,,28.185890875242446,0,0,条件不足または矛盾,0,0,,,,,,,,
2026-09-01T01:36:08.419204+09:00,TAO_USDT,LOSS,NEUTRAL,C,LIMIT,226.15873000000002,227.24509319316377,223.98600361367252,227.24509319316377,0.4086954176910155,-0.4086954176910155,-1.0,27.777195457551432,0,0,条件不足または矛盾,0.0,1.1518,,,,,,2026-09-01T01:11:08.573484+09:00,2026-09-01T01:11:08.573484+09:00,2026-09-01T01:36:08.419178+09:00
2026-09-01T01:46:13.767082+09:00,DOGE_USDT,OPEN,LONG,A,A_MARKET,0.08311,0.08281911500000001,0.08369177,,0.4027693341344958,,,27.777195457551432,5,0,PULLBACK LONG / TREND_VOLUME LONG(補助) / HIGH_EDGE LONG(35.0),0,0,,,,,,,,
2026-09-01T03:46:22.664143+09:00,DOGE_USDT,WIN,LONG,A,A_MARKET,0.08311,0.08281911500000001,0.08369177,0.08369177,0.4027693341344958,0.8055386682689916,2.0,28.582734125820423,5,0,PULLBACK LONG / TREND_VOLUME LONG(補助) / HIGH_EDGE LONG(35.0),2.0627,0.7219,2026-09-01T02:56:06.108785+09:00,2026-09-01T03:41:17.584131+09:00,2026-09-01T03:46:22.664127+09:00,2026-09-01T03:46:22.664127+09:00,,2026-09-01T02:01:28.445557+09:00,,
2026-09-01T04:16:20.041358+09:00,TAO_USDT,OPEN,NEUTRAL,C,LIMIT,229.15575,230.04501751894472,227.3772149621106,,0.41444964482439617,,,28.582734125820423,0,0,条件不足または矛盾,0,0,,,,,,,,
2026-09-01T04:46:10.805231+09:00,USOIL_USDT,OPEN,LONG,A,A_MARKET,85.9,85.59935000000002,86.5013,,0.41444964482439617,,,28.582734125820423,5,0,PULLBACK LONG / TREND_VOLUME LONG(補助) / OI LONG(0.32%),0,0,,,,,,,,
2026-09-01T05:21:24.313457+09:00,TAO_USDT,LOSS,NEUTRAL,C,LIMIT,229.15575,230.04501751894472,227.3772149621106,230.04501751894472,0.41444964482439617,-0.41444964482439617,-1.0,28.168284480996025,0,0,条件不足または矛盾,1.041,1.0393,2026-09-01T04:21:15.429744+09:00,2026-09-01T04:46:10.457553+09:00,,,,2026-09-01T05:21:24.313431+09:00,2026-09-01T05:21:24.313431+09:00,2026-09-01T05:21:24.313431+09:00
2026-09-01T09:06:07.224255+09:00,USOIL_USDT,WIN,LONG,A,A_MARKET,85.9,85.59935000000002,86.5013,86.5013,0.41444964482439617,0.8288992896487923,2.0,28.997183770644817,5,0,PULLBACK LONG / TREND_VOLUME LONG(補助) / OI LONG(0.32%),2.0955,0.1996,2026-09-01T05:21:24.313590+09:00,2026-09-01T05:31:22.286744+09:00,2026-09-01T08:06:04.917701+09:00,2026-09-01T09:06:07.224236+09:00,,,,
2026-09-01T09:16:10.842512+09:00,DOGE_USDT,OPEN,NEUTRAL,C,LIMIT,0.08290417000000001,0.08319433459500002,0.08232384081,,0.42045916467434985,,,28.997183770644817,0,0,条件不足または矛盾,0,0,,,,,,,,
2026-09-01T09:51:18.146103+09:00,DOGE_USDT,LOSS,NEUTRAL,C,LIMIT,0.08290417000000001,0.08319433459500002,0.08232384081,0.08319433459500002,0.42045916467434985,-0.42045916467434985,-1.0,28.57672460597047,0,0,条件不足または矛盾,0.0,1.1574,,,,,,2026-09-01T09:21:13.738520+09:00,2026-09-01T09:51:18.146087+09:00,2026-09-01T09:51:18.146087+09:00
2026-09-01T12:01:29.433335+09:00,XAU_USDT,OPEN,NEUTRAL,C,LIMIT,4445.948935,4461.5097562725,4414.827292455,,0.4143625067865718,,,28.57672460597047,0,0,条件不足または矛盾,0,0,,,,,,,,
2026-09-01T14:08:10.636689+09:00,SILVER_USDT,OPEN,NEUTRAL,C,LIMIT,66.569705,66.8026989675,66.103717065,,0.4143625067865718,,,28.57672460597047,0,0,条件不足または矛盾,0,0,,,,,,,,
2026-09-01T14:46:12.838860+09:00,SILVER_USDT,LOSS,NEUTRAL,C,LIMIT,66.569705,66.8026989675,66.103717065,66.8026989675,0.4143625067865718,-0.4143625067865718,-1.0,28.1623620991839,0,0,条件不足または矛盾,0.8142,2.1472,2026-09-01T14:18:25.942710+09:00,,,,,2026-09-01T14:41:24.672395+09:00,2026-09-01T14:41:24.672395+09:00,2026-09-01T14:46:12.838853+09:00
2026-09-01T15:01:31.813019+09:00,MUSTOCK_USDT,OPEN,LONG,A,A_MARKET,961.29,957.925485,968.0190299999998,,0.40835425043816653,,,28.1623620991839,5,0,PULLBACK LONG / TREND_VOLUME LONG(補助) / HIGH_EDGE LONG(39.0),0,0,,,,,,,,
2026-09-01T16:41:16.547393+09:00,MUSTOCK_USDT,LOSS,LONG,A,A_MARKET,961.29,957.925485,968.0190299999998,957.925485,0.40835425043816653,-0.40835425043816653,-1.0,27.754007848745733,5,0,PULLBACK LONG / TREND_VOLUME LONG(補助) / HIGH_EDGE LONG(39.0),0.1783,1.067,,,,,,2026-09-01T16:41:16.547386+09:00,2026-09-01T16:41:16.547386+09:00,2026-09-01T16:41:16.547386+09:00
2026-09-01T16:41:16.547597+09:00,TESLA_USDT,OPEN,NEUTRAL,C,LIMIT,367.30821000000003,368.59378873500003,364.73705253,,0.4024331138068131,,,27.754007848745733,0,0,条件不足または矛盾,0,0,,,,,,,,
2026-09-01T17:11:19.496154+09:00,XAU_USDT,WIN,NEUTRAL,C,LIMIT,4445.948935,4461.5097562725,4414.827292455,4414.827292455,0.4143625067865718,0.8287250135731437,2.0,28.582732862318878,0,0,条件不足または矛盾,3.1656,0.2141,2026-09-01T12:26:13.792286+09:00,2026-09-01T16:31:27.255872+09:00,2026-09-01T16:46:11.221977+09:00,2026-09-01T17:11:19.496136+09:00,2026-09-01T17:11:19.496136+09:00,,,
2026-09-01T17:11:19.496255+09:00,TESLA_USDT,WIN,NEUTRAL,C,LIMIT,367.30821000000003,368.59378873500003,364.73705253,364.73705253,0.4024331138068131,0.8048662276136263,2.0,29.387599089932504,0,0,条件不足または矛盾,2.1922,0.0,2026-09-01T16:46:11.222003+09:00,2026-09-01T17:11:19.496249+09:00,2026-09-01T17:11:19.496249+09:00,2026-09-01T17:11:19.496249+09:00,,,,
2026-09-01T17:16:10.471928+09:00,XAUT_USDT,OPEN,NEUTRAL,C,LIMIT,4392.579000000001,4407.953026500001,4361.830947,,0.4261201868040213,,,29.387599089932504,0,0,条件不足または矛盾,0,0,,,,,,,,
2026-09-01T17:16:10.472061+09:00,SILVER_USDT,OPEN,SHORT,C,LIMIT,65.948775,66.23782647114761,65.37067205770477,,0.4261201868040213,,,29.387599089932504,0,1,OI SHORT(3.00%),0,0,,,,,,,,
2026-09-01T17:31:29.673170+09:00,SILVER_USDT,WIN,SHORT,C,LIMIT,65.948775,66.23782647114761,65.37067205770477,65.37067205770477,0.4261201868040213,0.8522403736080426,2.0,30.239839463540548,0,1,OI SHORT(3.00%),2.8672,0.0042,2026-09-01T17:26:11.748016+09:00,2026-09-01T17:26:11.748016+09:00,2026-09-01T17:31:29.673164+09:00,2026-09-01T17:31:29.673164+09:00,,,,
2026-09-01T17:36:13.594498+09:00,TAO_USDT,OPEN,SHORT,B+,LIMIT,226.028535,226.89199458456028,224.30161583087943,,0.438477672221338,,,30.239839463540548,0,4,TREND_VOLUME SHORT / OI SHORT(0.64%),0,0,,,,,,,,
2026-09-01T19:31:21.116509+09:00,TAO_USDT,LOSS,SHORT,B+,LIMIT,226.028535,226.89199458456028,224.30161583087943,226.89199458456028,0.438477672221338,-0.438477672221338,-1.0,29.80136179131921,0,4,TREND_VOLUME SHORT / OI SHORT(0.64%),1.0406,1.8084,2026-09-01T18:06:15.169498+09:00,2026-09-01T18:11:23.592471+09:00,,,,2026-09-01T19:26:11.717983+09:00,2026-09-01T19:26:11.717983+09:00,2026-09-01T19:31:21.116504+09:00
2026-09-01T19:31:21.116633+09:00,HYPE_USDT,OPEN,NEUTRAL,C,LIMIT,82.9652615,83.25563991525,82.38450466949999,,0.43211974597412856,,,29.80136179131921,0,0,条件不足または矛盾,0,0,,,,,,,,
2026-09-01T19:36:15.568248+09:00,HYPE_USDT,LOSS,NEUTRAL,C,LIMIT,82.9652615,83.25563991525,82.38450466949999,83.25563991525,0.43211974597412856,-0.43211974597412856,-1.0,29.369242045345082,0,0,条件不足または矛盾,0.0,1.5626,,,,,,2026-09-01T19:36:15.568243+09:00,2026-09-01T19:36:15.568243+09:00,2026-09-01T19:36:15.568243+09:00
2026-09-01T20:31:28.875478+09:00,SOXL_USDT,OPEN,NEUTRAL,C,LIMIT,107.92164000000001,108.36014200374899,107.04463599250205,,0.4258540096575037,,,29.369242045345082,0,0,条件不足または矛盾,0,0,,,,,,,,
2026-09-01T20:41:12.414534+09:00,SOXL_USDT,LOSS,NEUTRAL,C,LIMIT,107.92164000000001,108.36014200374899,107.04463599250205,108.36014200374899,0.4258540096575037,-0.4258540096575037,-1.0,28.94338803568758,0,0,条件不足または矛盾,0.0,1.0681,,,,,,2026-09-01T20:41:12.414527+09:00,2026-09-01T20:41:12.414527+09:00,2026-09-01T20:41:12.414527+09:00
2026-09-01T20:41:12.414688+09:00,SNDKSTOCK_USDT,OPEN,NEUTRAL,C,LIMIT,1518.4843150000002,1523.7990101025002,1507.8549247950002,,0.4196791265174699,,,28.94338803568758,0,0,条件不足または矛盾,0,0,,,,,,,,
2026-09-01T21:06:04.929720+09:00,SNDKSTOCK_USDT,LOSS,NEUTRAL,C,LIMIT,1518.4843150000002,1523.7990101025002,1507.8549247950002,1523.7990101025002,0.4196791265174699,-0.4196791265174699,-1.0,28.52370890917011,0,0,条件不足または矛盾,0.0,1.2636,,,,,,2026-09-01T20:56:22.876114+09:00,2026-09-01T20:56:22.876114+09:00,2026-09-01T21:06:04.929714+09:00
2026-09-01T21:36:06.796616+09:00,XAUT_USDT,WIN,NEUTRAL,C,LIMIT,4392.579000000001,4407.953026500001,4361.830947,4361.830947,0.4261201868040213,0.8522403736080426,2.0,29.375949282778155,0,0,条件不足または矛盾,2.3988,0.0,2026-09-01T17:26:11.747990+09:00,2026-09-01T17:31:29.673137+09:00,2026-09-01T17:51:20.384729+09:00,2026-09-01T21:36:06.796600+09:00,,,,
2026-09-01T22:51:26.395172+09:00,SOXL_USDT,OPEN,NEUTRAL,C,LIMIT,104.206075,105.16123554071072,102.29575391857854,,0.42595126460028326,,,29.375949282778155,0,0,条件不足または矛盾,0,0,,,,,,,,
2026-09-01T22:51:26.395312+09:00,TESLA_USDT,OPEN,NEUTRAL,C,LIMIT,356.7343,358.48959619774104,353.223707604518,,0.42595126460028326,,,29.375949282778155,0,0,条件不足または矛盾,0,0,,,,,,,,
2026-09-01T22:56:19.775648+09:00,TESLA_USDT,LOSS,NEUTRAL,C,LIMIT,356.7343,358.48959619774104,353.223707604518,358.48959619774104,0.42595126460028326,-0.42595126460028326,-1.0,28.949998018177872,0,0,条件不足または矛盾,0.0,1.1711,,,,,,2026-09-01T22:56:19.775641+09:00,2026-09-01T22:56:19.775641+09:00,2026-09-01T22:56:19.775641+09:00
2026-09-01T23:36:08.703901+09:00,ARB_USDT,OPEN,SHORT,C,LIMIT,0.109353785,0.11087087614240172,0.10631960271519654,,0.41977497126357916,,,28.949998018177872,0,1,OI SHORT(3.51%),0,0,,,,,,,,
2026-09-01T23:56:11.616339+09:00,SOXL_USDT,LOSS,NEUTRAL,C,LIMIT,104.206075,105.16123554071072,102.29575391857854,105.16123554071072,0.42595126460028326,-0.42595126460028326,-1.0,28.52404675357759,0,0,条件不足または矛盾,1.0952,1.0092,2026-09-01T23:01:35.426231+09:00,2026-09-01T23:21:12.818526+09:00,,,,2026-09-01T23:46:16.600718+09:00,2026-09-01T23:46:16.600718+09:00,2026-09-01T23:56:11.616321+09:00
2026-09-02T01:21:19.425326+09:00,0G_USDT,OPEN,SHORT,C,LIMIT,0.20220285000000002,0.20437679810158732,0.1978549537968254,,0.41359867792687505,,,28.52404675357759,0,1.5,"PULLBACK SHORT(補助) / HIGH_EDGE SHORT(35.0,弱補助)",0,0,,,,,,,,
2026-09-02T03:06:11.471272+09:00,0G_USDT,WIN,SHORT,C,LIMIT,0.20220285000000002,0.20437679810158732,0.1978549537968254,0.1978549537968254,0.41359867792687505,0.8271973558537501,2.0,29.35124410943134,0,1.5,"PULLBACK SHORT(補助) / HIGH_EDGE SHORT(35.0,弱補助)",2.1173,0.0,2026-09-02T01:31:56.122078+09:00,2026-09-02T01:36:09.401014+09:00,2026-09-02T02:01:37.427223+09:00,2026-09-02T03:06:11.471266+09:00,,,,
2026-09-02T03:31:32.818886+09:00,MUSTOCK_USDT,OPEN,NEUTRAL,C,LIMIT,931.024445,934.3074317518502,924.4584714962997,,0.4255930395867545,,,29.35124410943134,0,0,条件不足または矛盾,0,0,,,,,,,,
2026-09-02T03:41:14.383271+09:00,ARB_USDT,WIN,SHORT,C,LIMIT,0.109353785,0.11087087614240172,0.10631960271519654,0.10631960271519654,0.41977497126357916,0.8395499425271583,2.0,30.1907940519585,0,1,OI SHORT(3.51%),2.0525,0.571,2026-09-02T00:11:21.699019+09:00,2026-09-02T02:56:15.458909+09:00,2026-09-02T02:56:15.458909+09:00,2026-09-02T03:41:14.383248+09:00,,2026-09-01T23:41:11.214805+09:00,,
2026-09-02T03:51:13.227689+09:00,PEPE_USDT,OPEN,NEUTRAL,C,LIMIT,3.47370275e-06,3.491977755248666e-06,3.437152739502667e-06,,0.43776651375339826,,,30.1907940519585,0,0,条件不足または矛盾,0,0,,,,,,,,
2026-09-02T03:56:18.346959+09:00,PEPE_USDT,LOSS,NEUTRAL,C,LIMIT,3.47370275e-06,3.491977755248666e-06,3.437152739502667e-06,3.491977755248666e-06,0.43776651375339826,-0.43776651375339826,-1.0,29.7530275382051,0,0,条件不足または矛盾,0.0,1.3569,,,,,,2026-09-02T03:56:18.346954+09:00,2026-09-02T03:56:18.346954+09:00,2026-09-02T03:56:18.346954+09:00
2026-09-02T03:56:18.347056+09:00,SOL_USDT,OPEN,NEUTRAL,C,LIMIT,98.88811,99.49050010894763,97.68332978210475,,0.431418899303974,,,29.7530275382051,0,0,条件不足または矛盾,0,0,,,,,,,,
2026-09-02T04:01:39.017338+09:00,SOL_USDT,LOSS,NEUTRAL,C,LIMIT,98.88811,99.49050010894763,97.68332978210475,99.49050010894763,0.431418899303974,-0.431418899303974,-1.0,29.321608638901125,0,0,条件不足または矛盾,0.0,1.4142,,,,,,2026-09-02T04:01:39.017332+09:00,2026-09-02T04:01:39.017332+09:00,2026-09-02T04:01:39.017332+09:00
2026-09-02T04:01:39.017443+09:00,ETH_USDT,OPEN,NEUTRAL,C,LIMIT,2411.381655,2423.0233196404365,2388.0983257191274,,0.42516332526406636,,,29.321608638901125,0,0,条件不足または矛盾,0,0,,,,,,,,
2026-09-02T04:46:17.873342+09:00,MUSTOCK_USDT,LOSS,NEUTRAL,C,LIMIT,931.024445,934.3074317518502,924.4584714962997,934.3074317518502,0.4255930395867545,-0.4255930395867545,-1.0,28.89601559931437,0,0,条件不足または矛盾,1.9599,1.1775,2026-09-02T03:41:14.383358+09:00,2026-09-02T03:46:13.135113+09:00,2026-09-02T03:46:13.135113+09:00,,,2026-09-02T04:16:14.229575+09:00,2026-09-02T04:41:17.142420+09:00,2026-09-02T04:46:17.873319+09:00
2026-09-02T06:26:09.345859+09:00,XRP_USDT,OPEN,NEUTRAL,C,LIMIT,1.3464166000000002,1.3513233514716079,1.3366030970567848,,0.4189922261900584,,,28.89601559931437,0,0,条件不足または矛盾,0,0,,,,,,,,
2026-09-02T08:41:16.865446+09:00,XRP_USDT,LOSS,NEUTRAL,C,LIMIT,1.3464166000000002,1.3513233514716079,1.3366030970567848,1.3513233514716079,0.4189922261900584,-0.4189922261900584,-1.0,28.47702337312431,0,0,条件不足または矛盾,0.7982,1.4436,2026-09-02T07:31:28.338845+09:00,,,,,2026-09-02T06:56:13.956030+09:00,2026-09-02T06:56:13.956030+09:00,2026-09-02T08:41:16.865439+09:00
2026-09-02T10:51:25.142005+09:00,ETH_USDT,WIN,NEUTRAL,C,LIMIT,2411.381655,2423.0233196404365,2388.0983257191274,2388.0983257191274,0.42516332526406636,0.8503266505281327,2.0,29.327350023652443,0,0,条件不足または矛盾,2.0445,0.9705,2026-09-02T07:41:17.247863+09:00,2026-09-02T10:41:23.994724+09:00,2026-09-02T10:41:23.994724+09:00,2026-09-02T10:51:25.141986+09:00,,2026-09-02T04:26:15.699425+09:00,2026-09-02T04:31:28.215302+09:00,
2026-09-02T10:51:25.142110+09:00,BTR_USDT,OPEN,NEUTRAL,C,LIMIT,0.08301433500000001,0.08487266826374516,0.07929766847250967,,0.42524657534296045,,,29.327350023652443,0,0,条件不足または矛盾,0,0,,,,,,,,
2026-09-02T10:56:13.138806+09:00,BTR_USDT,LOSS,NEUTRAL,C,LIMIT,0.08301433500000001,0.08487266826374516,0.07929766847250967,0.08487266826374516,0.42524657534296045,-0.42524657534296045,-1.0,28.902103448309482,0,0,条件不足または矛盾,0.0,6.821,,,,,,2026-09-02T10:56:13.138776+09:00,2026-09-02T10:56:13.138776+09:00,2026-09-02T10:56:13.138776+09:00
2026-09-02T11:01:52.292782+09:00,LINK_USDT,OPEN,NEUTRAL,C,LIMIT,11.0976215,11.138640282075983,11.015583935848039,,0.4190805000004875,,,28.902103448309482,0,0,条件不足または矛盾,0,0,,,,,,,,
2026-09-02T11:06:09.541753+09:00,TAO_USDT,OPEN,NEUTRAL,C,LIMIT,216.64448000000002,217.40296208190205,215.12751583619593,,0.4190805000004875,,,28.902103448309482,0,0,条件不足または矛盾,0,0,,,,,,,,
2026-09-02T11:16:23.442384+09:00,TAO_USDT,LOSS,NEUTRAL,C,LIMIT,216.64448000000002,217.40296208190205,215.12751583619593,217.40296208190205,0.4190805000004875,-0.4190805000004875,-1.0,28.483022948308996,0,0,条件不足または矛盾,0.0,1.4312,,,,,,2026-09-02T11:11:17.564543+09:00,2026-09-02T11:11:17.564543+09:00,2026-09-02T11:16:23.442377+09:00
2026-09-02T11:21:18.580572+09:00,LINK_USDT,LOSS,NEUTRAL,C,LIMIT,11.0976215,11.138640282075983,11.015583935848039,11.138640282075983,0.4190805000004875,-0.4190805000004875,-1.0,28.06394244830851,0,0,条件不足または矛盾,0.2346,1.0331,,,,,,2026-09-02T11:16:23.442334+09:00,2026-09-02T11:16:23.442334+09:00,2026-09-02T11:21:18.580539+09:00
2026-09-02T14:21:18.187886+09:00,SNDKSTOCK_USDT,OPEN,NEUTRAL,C,LIMIT,1533.066155,1538.4318865425,1522.334691915,,0.4069271655004734,,,28.06394244830851,0,0,条件不足または矛盾,0,0,,,,,,,,
2026-09-02T14:46:17.943306+09:00,SNDKSTOCK_USDT,LOSS,NEUTRAL,C,LIMIT,1533.066155,1538.4318865425,1522.334691915,1538.4318865425,0.4069271655004734,-0.4069271655004734,-1.0,27.657015282808036,0,0,条件不足または矛盾,0.0,1.5345,,,,,,2026-09-02T14:31:25.345680+09:00,2026-09-02T14:31:25.345680+09:00,2026-09-02T14:46:17.943284+09:00
2026-09-02T16:16:23.480120+09:00,USOIL_USDT,OPEN,NEUTRAL,C,LIMIT,90.135,90.4504725,89.50405500000001,,0.40102672160071656,,,27.657015282808036,0,0,条件不足または矛盾,0,0,,,,,,,,
2026-09-02T16:56:09.579948+09:00,UKOIL_USDT,OPEN,NEUTRAL,C,LIMIT,94.78196000000001,95.11369686000002,94.11848628000001,,0.40102672160071656,,,27.657015282808036,0,0,条件不足または矛盾,0,0,,,,,,,,
2026-09-02T18:26:21.624795+09:00,USOIL_USDT,LOSS,NEUTRAL,C,LIMIT,90.135,90.4504725,89.50405500000001,90.4504725,0.40102672160071656,-0.40102672160071656,-1.0,27.25598856120732,0,0,条件不足または矛盾,0.6181,1.3472,2026-09-02T16:41:17.830812+09:00,,,,,2026-09-02T17:21:21.401962+09:00,2026-09-02T18:16:16.152127+09:00,2026-09-02T18:26:21.624773+09:00
2026-09-02T18:26:21.624904+09:00,UKOIL_USDT,LOSS,NEUTRAL,C,LIMIT,94.78196000000001,95.11369686000002,94.11848628000001,95.11369686000002,0.40102672160071656,-0.40102672160071656,-1.0,26.854961839606606,0,0,条件不足または矛盾,0.7897,1.019,2026-09-02T17:16:18.337339+09:00,,,,,2026-09-02T18:26:21.624898+09:00,2026-09-02T18:26:21.624898+09:00,2026-09-02T18:26:21.624898+09:00
2026-09-02T18:51:17.262485+09:00,ETH_USDT,OPEN,SHORT,C,LIMIT,2371.2014750000003,2381.2331793352346,2351.1380663295317,,0.3893969466742958,,,26.854961839606606,0,1,OI SHORT(1.05%),0,0,,,,,,,,
2026-09-02T19:11:20.229214+09:00,USELESS_USDT,OPEN,SHORT,C,LIMIT,0.10181249,0.10442201981888054,0.09659343036223894,,0.3893969466742958,,,26.854961839606606,0,1,OI SHORT(1.16%),0,0,,,,,,,,
2026-09-02T21:01:49.744226+09:00,USELESS_USDT,LOSS,SHORT,C,LIMIT,0.10181249,0.10442201981888054,0.09659343036223894,0.10442201981888054,0.3893969466742958,-0.3893969466742958,-1.0,26.46556489293231,0,1,OI SHORT(1.16%),1.2809,1.0337,2026-09-02T19:41:21.093932+09:00,2026-09-02T20:21:18.127891+09:00,,,,2026-09-02T21:01:49.744217+09:00,2026-09-02T21:01:49.744217+09:00,2026-09-02T21:01:49.744217+09:00
2026-09-02T21:11:17.217641+09:00,UNI_USDT,OPEN,NEUTRAL,C,LIMIT,5.735590500000001,5.810099307879387,5.586572884241227,,0.3837506909475185,,,26.46556489293231,0,0,条件不足または矛盾,0,0,,,,,,,,
2026-09-02T21:16:17.800150+09:00,ETH_USDT,LOSS,SHORT,C,LIMIT,2371.2014750000003,2381.2331793352346,2351.1380663295317,2381.2331793352346,0.3893969466742958,-0.3893969466742958,-1.0,26.076167946258014,0,1,OI SHORT(1.05%),1.1027,1.1791,2026-09-02T19:36:11.540520+09:00,2026-09-02T19:51:15.483039+09:00,,,,2026-09-02T20:36:22.603997+09:00,2026-09-02T20:36:22.603997+09:00,2026-09-02T21:16:17.800129+09:00
2026-09-02T21:16:17.800273+09:00,UNI_USDT,LOSS,NEUTRAL,C,LIMIT,5.735590500000001,5.810099307879387,5.586572884241227,5.810099307879387,0.3837506909475185,-0.3837506909475185,-1.0,25.692417255310495,0,0,条件不足または矛盾,0.0,1.3208,,,,,,2026-09-02T21:16:17.800263+09:00,2026-09-02T21:16:17.800263+09:00,2026-09-02T21:16:17.800263+09:00
2026-09-02T22:06:12.143995+09:00,PEPE_USDT,OPEN,NEUTRAL,C,LIMIT,3.3938832000000003e-06,3.4057617912000006e-06,3.3701260176000004e-06,,0.3725400502020022,,,25.692417255310495,0,0,条件不足または矛盾,0,0,,,,,,,,
2026-09-02T22:46:23.510986+09:00,PEPE_USDT,LOSS,NEUTRAL,C,LIMIT,3.3938832000000003e-06,3.4057617912000006e-06,3.3701260176000004e-06,3.4057617912000006e-06,0.3725400502020022,-0.3725400502020022,-1.0,25.319877205108494,0,0,条件不足または矛盾,0.2764,3.3351,,,,,,2026-09-02T22:46:23.510965+09:00,2026-09-02T22:46:23.510965+09:00,2026-09-02T22:46:23.510965+09:00
2026-09-02T22:51:29.345394+09:00,TESLA_USDT,OPEN,SHORT,C,LIMIT,351.9271,353.8246147260352,348.1320705479297,,0.36713821947407316,,,25.319877205108494,0,1,OI SHORT(0.69%),0,0,,,,,,,,
2026-09-03T00:36:19.082921+09:00,SKHYNIXSTOCK_USDT,OPEN,LONG,A,A_MARKET,1196.89,1192.7008850000002,1205.26823,,0.36713821947407316,,,25.319877205108494,5,0,PULLBACK LONG / TREND_VOLUME LONG(補助) / OI LONG(4.34%),0,0,,,,,,,,
2026-09-03T03:21:36.863601+09:00,SKHYNIXSTOCK_USDT,WIN,LONG,A,A_MARKET,1196.89,1192.7008850000002,1205.26823,1205.26823,0.36713821947407316,0.7342764389481463,2.0,26.05415364405664,5,0,PULLBACK LONG / TREND_VOLUME LONG(補助) / OI LONG(4.34%),2.1174,0.2984,2026-09-03T01:01:41.094126+09:00,2026-09-03T01:01:41.094126+09:00,2026-09-03T03:21:36.863579+09:00,2026-09-03T03:21:36.863579+09:00,,,,
2026-09-03T04:51:28.020113+09:00,SNDKSTOCK_USDT,OPEN,NEUTRAL,C,LIMIT,1547.0858850000002,1552.5006855975003,1536.256283805,,0.3777852278388213,,,26.05415364405664,0,0,条件不足または矛盾,0,0,,,,,,,,
2026-09-03T04:56:16.112288+09:00,SNDKSTOCK_USDT,LOSS,NEUTRAL,C,LIMIT,1547.0858850000002,1552.5006855975003,1536.256283805,1552.5006855975003,0.3777852278388213,-0.3777852278388213,-1.0,25.67636841621782,0,0,条件不足または矛盾,0.0,2.4884,,,,,,2026-09-03T04:56:16.112271+09:00,2026-09-03T04:56:16.112271+09:00,2026-09-03T04:56:16.112271+09:00
2026-09-03T05:01:32.926976+09:00,ZEC_USDT,OPEN,NEUTRAL,C,LIMIT,810.23353,813.4200540646387,803.8604818707225,,0.3723073420351584,,,25.67636841621782,0,0,条件不足または矛盾,0,0,,,,,,,,
2026-09-03T05:06:15.932117+09:00,ZEC_USDT,LOSS,NEUTRAL,C,LIMIT,810.23353,813.4200540646387,803.8604818707225,813.4200540646387,0.3723073420351584,-0.3723073420351584,-1.0,25.304061074182663,0,0,条件不足または矛盾,0.0,2.0105,,,,,,2026-09-03T05:06:15.932099+09:00,2026-09-03T05:06:15.932099+09:00,2026-09-03T05:06:15.932099+09:00
2026-09-03T06:46:26.145165+09:00,UAI_USDT,OPEN,NEUTRAL,C,LIMIT,0.46339405,0.47345372475490194,0.4432747004901961,,0.3669088855756486,,,25.304061074182663,0,0,条件不足または矛盾,0,0,,,,,,,,
2026-09-03T08:46:23.128976+09:00,UAI_USDT,WIN,NEUTRAL,C,LIMIT,0.46339405,0.47345372475490194,0.4432747004901961,0.4432747004901961,0.3669088855756486,0.7338177711512972,2.0,26.03787884533396,0,0,条件不足または矛盾,2.4548,0.6666,2026-09-03T06:56:13.999296+09:00,2026-09-03T07:31:34.946971+09:00,2026-09-03T08:11:15.706875+09:00,2026-09-03T08:46:23.128954+09:00,,2026-09-03T07:06:15.433452+09:00,,
2026-09-03T09:16:17.568944+09:00,USOIL_USDT,OPEN,NEUTRAL,C,LIMIT,90.61572000000001,90.93287502000001,89.98140996000001,,0.37754924325734246,,,26.03787884533396,0,0,条件不足または矛盾,0,0,,,,,,,,
2026-09-03T10:36:14.032932+09:00,USOIL_USDT,LOSS,NEUTRAL,C,LIMIT,90.61572000000001,90.93287502000001,89.98140996000001,90.93287502000001,0.37754924325734246,-0.37754924325734246,-1.0,25.66032960207662,0,0,条件不足または矛盾,0.2072,1.0855,,,,,,2026-09-03T10:26:17.846915+09:00,2026-09-03T10:26:17.846915+09:00,2026-09-03T10:36:14.032912+09:00
2026-09-03T11:01:36.418770+09:00,SPX500_USDT,OPEN,SHORT,A,A_MARKET,7663.0,7689.820500000001,7609.359,,0.372074779230111,,,25.66032960207662,0,5.5,"PULLBACK SHORT(補助) / TREND_VOLUME SHORT / HIGH_EDGE SHORT(35.0,弱補助) / OI SHORT(0.59%)",0,0,,,,,,,,
2026-09-03T21:56:20.956618+09:00,SPX500_USDT,LOSS,SHORT,A,A_MARKET,7663.0,7689.820500000001,7609.359,7689.820500000001,0.372074779230111,-0.372074779230111,-1.0,25.288254822846508,0,5.5,"PULLBACK SHORT(補助) / TREND_VOLUME SHORT / HIGH_EDGE SHORT(35.0,弱補助) / OI SHORT(0.59%)",0.2983,1.0775,,,,,,2026-09-03T17:06:12.922569+09:00,2026-09-03T21:31:33.542105+09:00,2026-09-03T21:56:20.956596+09:00
2026-09-03T22:46:17.526614+09:00,DOGE_USDT,OPEN,LONG,A,A_MARKET,0.08358,0.08328747,0.08416505999999999,,0.3666796949312744,,,25.288254822846508,5,0,PULLBACK LONG / HIGH_EDGE LONG(36.0) / OI LONG(0.99%),0,0,,,,,,,,
2026-09-03T23:26:15.986427+09:00,DOGE_USDT,WIN,LONG,A,A_MARKET,0.08358,0.08328747,0.08416505999999999,0.08416505999999999,0.3666796949312744,0.7333593898625488,2.0,26.021614212709057,5,0,PULLBACK LONG / HIGH_EDGE LONG(36.0) / OI LONG(0.99%),2.7689,0.9914,2026-09-03T23:21:27.174615+09:00,2026-09-03T23:26:15.986405+09:00,2026-09-03T23:26:15.986405+09:00,2026-09-03T23:26:15.986405+09:00,,2026-09-03T22:56:18.907378+09:00,2026-09-03T23:01:57.454445+09:00,
2026-09-03T23:26:15.986551+09:00,ARB_USDT,OPEN,NEUTRAL,C,LIMIT,0.13209785,0.13343977162426904,0.12941400675146192,,0.3773134060842813,,,26.021614212709057,0,0,条件不足または矛盾,0,0,,,,,,,,
2026-09-03T23:31:33.572607+09:00,ARB_USDT,LOSS,NEUTRAL,C,LIMIT,0.13209785,0.13343977162426904,0.12941400675146192,0.13343977162426904,0.3773134060842813,-0.3773134060842813,-1.0,25.644300806624777,0,0,条件不足または矛盾,0.0,1.3728,,,,,,2026-09-03T23:31:33.572583+09:00,2026-09-03T23:31:33.572583+09:00,2026-09-03T23:31:33.572583+09:00
2026-09-04T01:41:15.090370+09:00,ARB_USDT,OPEN,NEUTRAL,C,LIMIT,0.131246575,0.13261649066287798,0.12850674367424408,,0.3718423616960593,,,25.644300806624777,0,0,条件不足または矛盾,0,0,,,,,,,,
2026-09-04T02:56:15.298498+09:00,ARB_USDT,LOSS,NEUTRAL,C,LIMIT,0.131246575,0.13261649066287798,0.12850674367424408,0.13261649066287798,0.3718423616960593,-0.3718423616960593,-1.0,25.272458444928716,0,0,条件不足または矛盾,0.4647,1.2946,,,,,,2026-09-04T02:11:20.828139+09:00,2026-09-04T02:46:25.563496+09:00,2026-09-04T02:56:15.298461+09:00
2026-09-04T05:06:14.437860+09:00,MUSTOCK_USDT,OPEN,NEUTRAL,C,LIMIT,956.3633,959.9446215833608,949.2006568332785,,0.3664506474514664,,,25.272458444928716,0,0,条件不足または矛盾,0,0,,,,,,,,
2026-09-04T09:46:26.059348+09:00,MUSTOCK_USDT,LOSS,NEUTRAL,C,LIMIT,956.3633,959.9446215833608,949.2006568332785,959.9446215833608,0.3664506474514664,-0.3664506474514664,-1.0,24.90600779747725,0,0,条件不足または矛盾,0.6934,1.0099,2026-09-04T05:51:32.509186+09:00,,,,,2026-09-04T09:21:21.824242+09:00,2026-09-04T09:31:23.801466+09:00,2026-09-04T09:46:26.059329+09:00
2026-09-04T11:41:21.078318+09:00,DOGE_USDT,OPEN,NEUTRAL,C,LIMIT,0.08691017,0.087214355595,0.08630179881,,0.36113711306342017,,,24.90600779747725,0,0,条件不足または矛盾,0,0,,,,,,,,
2026-09-04T12:01:33.970123+09:00,DOGE_USDT,LOSS,NEUTRAL,C,LIMIT,0.08691017,0.087214355595,0.08630179881,0.087214355595,0.36113711306342017,-0.36113711306342017,-1.0,24.54487068441383,0,0,条件不足または矛盾,0.1321,1.2158,,,,,,2026-09-04T11:56:53.010624+09:00,2026-09-04T11:56:53.010624+09:00,2026-09-04T12:01:33.970100+09:00
2026-09-04T12:16:28.802555+09:00,AKE_USDT,OPEN,NEUTRAL,C,LIMIT,0.0143885505,0.014619832234920525,0.013925987030158949,,0.35590062492400054,,,24.54487068441383,0,0,条件不足または矛盾,0,0,,,,,,,,
2026-09-04T12:51:22.424116+09:00,AKE_USDT,LOSS,NEUTRAL,C,LIMIT,0.0143885505,0.014619832234920525,0.013925987030158949,0.014619832234920525,0.35590062492400054,-0.35590062492400054,-1.0,24.18897005948983,0,0,条件不足または矛盾,0.0,1.2947,,,,,,2026-09-04T12:21:25.530270+09:00,2026-09-04T12:51:22.424097+09:00,2026-09-04T12:51:22.424097+09:00
2026-09-04T13:21:21.702504+09:00,LINK_USDT,OPEN,LONG,A,A_MARKET,11.931,11.889241499999999,12.014516999999998,,0.35074006586260253,,,24.18897005948983,5,0,PULLBACK LONG / HIGH_EDGE LONG(37.0) / OI LONG(1.12%),0,0,,,,,,,,
2026-09-04T14:31:34.299913+09:00,LINK_USDT,LOSS,LONG,A,A_MARKET,11.931,11.889241499999999,12.014516999999998,11.889241499999999,0.35074006586260253,-0.35074006586260253,-1.0,23.838229993627227,5,0,PULLBACK LONG / HIGH_EDGE LONG(37.0) / OI LONG(1.12%),1.2453,1.341,2026-09-04T13:31:31.811570+09:00,2026-09-04T13:31:31.811570+09:00,,,,2026-09-04T14:01:45.284362+09:00,2026-09-04T14:06:20.915304+09:00,2026-09-04T14:31:34.299890+09:00
2026-09-04T14:46:22.917316+09:00,HYPE_USDT,OPEN,SHORT,C,LIMIT,86.22213950000001,86.52391698825002,85.6185845235,,0.3456543349075948,,,23.838229993627227,0,1,OI SHORT(1.42%),0,0,,,,,,,,
2026-09-04T16:51:30.319754+09:00,HYPE_USDT,LOSS,SHORT,C,LIMIT,86.22213950000001,86.52391698825002,85.6185845235,86.52391698825002,0.3456543349075948,-0.3456543349075948,-1.0,23.49257565871963,0,1,OI SHORT(1.42%),1.6805,1.0864,2026-09-04T14:51:20.849009+09:00,2026-09-04T14:56:27.426342+09:00,2026-09-04T15:26:17.374646+09:00,,,2026-09-04T16:41:27.874250+09:00,2026-09-04T16:51:30.319739+09:00,2026-09-04T16:51:30.319739+09:00
2026-09-04T17:11:28.184770+09:00,ADA_USDT,OPEN,NEUTRAL,C,LIMIT,0.22033000000000003,0.2212008470679411,0.21858830586411782,,0.34064234705143465,,,23.49257565871963,0,0,条件不足または矛盾,0,0,,,,,,,,
2026-09-04T17:16:24.198445+09:00,ADA_USDT,LOSS,NEUTRAL,C,LIMIT,0.22033000000000003,0.2212008470679411,0.21858830586411782,0.2212008470679411,0.34064234705143465,-0.34064234705143465,-1.0,23.151933311668195,0,0,条件不足または矛盾,0.0,1.1139,,,,,,2026-09-04T17:16:24.198426+09:00,2026-09-04T17:16:24.198426+09:00,2026-09-04T17:16:24.198426+09:00
2026-09-04T17:26:18.067335+09:00,XRP_USDT,OPEN,NEUTRAL,C,LIMIT,1.446166,1.4512275810000002,1.436042838,,0.33570303301918886,,,23.151933311668195,0,0,条件不足または矛盾,0,0,,,,,,,,
2026-09-04T17:51:25.913631+09:00,XRP_USDT,LOSS,NEUTRAL,C,LIMIT,1.446166,1.4512275810000002,1.436042838,1.4512275810000002,0.33570303301918886,-0.33570303301918886,-1.0,22.816230278649005,0,0,条件不足または矛盾,0.0,1.2711,,,,,,2026-09-04T17:31:35.981487+09:00,2026-09-04T17:51:25.913596+09:00,2026-09-04T17:51:25.913596+09:00
2026-09-04T20:11:23.833693+09:00,PEPE_USDT,OPEN,LONG,A,A_MARKET,3.672e-06,3.6574285714285715e-06,3.701142857142857e-06,,0.33083533904041057,,,22.816230278649005,5,0,PULLBACK LONG / HIGH_EDGE LONG(37.0) / OI LONG(3.02%),0,0,,,,,,,,
2026-09-04T21:31:37.018460+09:00,PEPE_USDT,LOSS,LONG,A,A_MARKET,3.672e-06,3.6574285714285715e-06,3.701142857142857e-06,3.6574285714285715e-06,0.33083533904041057,-0.33083533904041057,-1.0,22.485394939608593,5,0,PULLBACK LONG / HIGH_EDGE LONG(37.0) / OI LONG(3.02%),1.5235,8.201,2026-09-04T20:31:34.220358+09:00,2026-09-04T20:36:19.570360+09:00,2026-09-04T20:41:25.606069+09:00,,,2026-09-04T21:31:37.018442+09:00,2026-09-04T21:31:37.018442+09:00,2026-09-04T21:31:37.018442+09:00
2026-09-04T21:51:30.901134+09:00,XAU_USDT,OPEN,NEUTRAL,C,LIMIT,4397.967070000001,4414.51826890993,4364.864672180141,,0.32603822662432463,,,22.485394939608593,0,0,条件不足または矛盾,0,0,,,,,,,,
2026-09-04T22:31:35.900046+09:00,XAU_USDT,LOSS,NEUTRAL,C,LIMIT,4397.967070000001,4414.51826890993,4364.864672180141,4414.51826890993,0.32603822662432463,-0.32603822662432463,-1.0,22.15935671298427,0,0,条件不足または矛盾,1.6499,1.3113,2026-09-04T22:01:42.234558+09:00,2026-09-04T22:01:42.234558+09:00,2026-09-04T22:01:42.234558+09:00,,,2026-09-04T21:56:18.603742+09:00,2026-09-04T22:31:35.900024+09:00,2026-09-04T22:31:35.900024+09:00
2026-09-04T23:56:17.612061+09:00,PEPE_USDT,OPEN,NEUTRAL,C,LIMIT,3.4944338e-06,3.5191493401735343e-06,3.4450027196529327e-06,,0.32131067233827193,,,22.15935671298427,0,0,条件不足または矛盾,0,0,,,,,,,,
2026-09-05T00:26:22.726690+09:00,PEPE_USDT,LOSS,NEUTRAL,C,LIMIT,3.4944338e-06,3.5191493401735343e-06,3.4450027196529327e-06,3.5191493401735343e-06,0.32131067233827193,-0.32131067233827193,-1.0,21.838046040646,0,0,条件不足または矛盾,0.0337,1.2691,,,,,,2026-09-05T00:21:31.650385+09:00,2026-09-05T00:21:31.650385+09:00,2026-09-05T00:26:22.726670+09:00
2026-09-05T06:06:22.770601+09:00,SILVER_USDT,OPEN,LONG,A,A_MARKET,66.31,66.077915,66.77417,,0.316651667589367,,,21.838046040646,5,0,PULLBACK LONG / HIGH_EDGE LONG(38.0) / OI LONG(2.12%),0,0,,,,,,,,
