trade_id,strategy,source_time,symbol,direction,entry,source_sl,source_tp,registered_at_jst,scan_time_jst,ticker_time_jst,price,bid,ask,spread_pct,volume24,amount24,change24,funding_rate,oi,oi_change_pct,rsi1,rsi5,rsi15,ema9_1,ema21_1,ema9_5,ema21_5,ema9_15,ema21_15,macd1,macd_signal1,macd_hist1,macd5,macd_signal5,macd_hist5,macd15,macd_signal15,macd_hist15,volume_ratio1,volume_ratio5,volume_ratio15,atr1_pct,atr5_pct,atr15_pct,long_score,short_score,bias,edge,distance_ema9_5_pct,btc_price,btc_ret_1m_pct,btc_ret_5m_pct,btc_ret_15m_pct,btc_ret_1h_pct,btc_rsi1,btc_rsi5,btc_rsi15,btc_rsi60,btc_ema9_1,btc_ema21_1,btc_ema9_5,btc_ema21_5,btc_ema9_15,btc_ema21_15,btc_ema9_60,btc_ema21_60,btc_macd1,btc_macd_signal1,btc_macd5,btc_macd_signal5,btc_macd15,btc_macd_signal15,btc_macd60,btc_macd_signal60,btc_volume_ratio1,btc_volume_ratio5,btc_volume_ratio15,btc_volume_ratio60,btc_atr1_pct,btc_atr5_pct,btc_atr15_pct,btc_atr60_pct,snapshot_json
109a16d1024fecf14f30a0b2,HIGH_EDGE,2026-08-28T17:11:00.472096,NVIDIA_USDT,SHORT,225.77,226.56019500000002,224.18961000000002,2026-08-28T17:11:00.727948+09:00,2026-08-28 17:10:52.205,2026-08-28 17:10:32.718,225.77,225.78,225.79,0.004429286441950173,20590236.0,46515705.3136,-0.0015,0.0,11283107.0,0.5886380937497185,33.333333333332746,7.7419354838712025,43.8818565400845,226.00707722753566,226.16180455594937,226.25412322545418,226.39125645407475,226.47173825053608,226.49229267253173,-0.1481593607485081,-0.10910967683133113,-0.039049683917176975,-0.09786018272990304,-0.014910115347156255,-0.0829500673827468,-0.015252992177238411,-0.007451556729542433,-0.007801435447695978,2.7988490329598448,4.6562304130145025,6.107675116427215,0.06897031745328795,0.08921848404507546,0.12243813235973412,1.5,42.0,SHORT,40.5,,79785.2,0.028584897144522874,0.0519162618284985,0.10444855311731271,-0.27634305605118303,72.67002518891688,45.48148148148139,45.1205193728848,35.7911415727024,79735.86300676753,79699.90578541765,79697.9268236618,79717.76383291122,79714.79507727851,79810.13088453341,79860.31462509866,79818.96303317245,29.357542453406495,15.488486356990833,-25.58035847095016,-30.23143562688431,-107.41182405689324,-108.32218247545013,127.85140796545602,236.20008009285073,0.7771777492482265,1.3673524596177842,1.0427042182357114,0.6347184491046935,0.05063595754600766,0.11443225059284022,0.2064292625699981,0.5484189334076297,"{""time"":""2026-08-28T17:11:00.472096"",""symbol"":""NVIDIA_USDT"",""event"":""OPEN"",""direction"":""SHORT"",""edge"":""40.5"",""entry"":""225.77"",""sl"":""226.56019500000002"",""tp"":""224.18961000000002"",""exit"":"""",""result_r"":"""",""rsi1"":""33.333333333332746"",""rsi5"":""7.7419354838712025"",""rsi15"":""43.8818565400845"",""spread_pct"":""0.004429286441950173"",""amount24"":""46515705.3136"",""volume_ratio1"":""2.7988490329598448"",""volume_ratio5"":""4.6562304130145025"",""note"":""HIGH_EDGE"",""scan_time_jst"":""2026-08-28 17:10:52.205"",""ticker_time_jst"":""2026-08-28 17:10:32.718"",""price"":""225.77"",""bid"":""225.78"",""ask"":""225.79"",""volume24"":""20590236.0"",""change24"":""-0.0015"",""funding_rate"":""0.0"",""oi"":""11283107.0"",""oi_change_pct"":""0.5886380937497185"",""ema9_1"":""226.00707722753566"",""ema21_1"":""226.16180455594937"",""ema9_5"":""226.25412322545418"",""ema21_5"":""226.39125645407475"",""ema9_15"":""226.47173825053608"",""ema21_15"":""226.49229267253173"",""macd1"":""-0.1481593607485081"",""macd_signal1"":""-0.10910967683133113"",""macd_hist1"":""-0.039049683917176975"",""macd5"":""-0.09786018272990304"",""macd_signal5"":""-0.014910115347156255"",""macd_hist5"":""-0.0829500673827468"",""macd15"":""-0.015252992177238411"",""macd_signal15"":""-0.007451556729542433"",""macd_hist15"":""-0.007801435447695978"",""volume_ratio15"":""6.107675116427215"",""atr1_pct"":""0.06897031745328795"",""atr5_pct"":""0.08921848404507546"",""atr15_pct"":""0.12243813235973412"",""long_score"":""1.5"",""short_score"":""42.0"",""bias"":""SHORT"",""btc_price"":""79785.2"",""btc_ret_1m_pct"":""0.028584897144522874"",""btc_ret_5m_pct"":""0.0519162618284985"",""btc_ret_15m_pct"":""0.10444855311731271"",""btc_ret_1h_pct"":""-0.27634305605118303"",""btc_rsi1"":""72.67002518891688"",""btc_rsi5"":""45.48148148148139"",""btc_rsi15"":""45.1205193728848"",""btc_rsi60"":""35.7911415727024"",""btc_ema9_1"":""79735.86300676753"",""btc_ema21_1"":""79699.90578541765"",""btc_ema9_5"":""79697.9268236618"",""btc_ema21_5"":""79717.76383291122"",""btc_ema9_15"":""79714.79507727851"",""btc_ema21_15"":""79810.13088453341"",""btc_ema9_60"":""79860.31462509866"",""btc_ema21_60"":""79818.96303317245"",""btc_macd1"":""29.357542453406495"",""btc_macd_signal1"":""15.488486356990833"",""btc_macd5"":""-25.58035847095016"",""btc_macd_signal5"":""-30.23143562688431"",""btc_macd15"":""-107.41182405689324"",""btc_macd_signal15"":""-108.32218247545013"",""btc_macd60"":""127.85140796545602"",""btc_macd_signal60"":""236.20008009285073"",""btc_volume_ratio1"":""0.7771777492482265"",""btc_volume_ratio5"":""1.3673524596177842"",""btc_volume_ratio15"":""1.0427042182357114"",""btc_volume_ratio60"":""0.6347184491046935"",""btc_atr1_pct"":""0.05063595754600766"",""btc_atr5_pct"":""0.11443225059284022"",""btc_atr15_pct"":""0.2064292625699981"",""btc_atr60_pct"":""0.5484189334076297""}"
4fa5015fe32909364427a477,TREND_VOLUME,2026-08-28T17:11:00.512698,SOXL_USDT,SHORT,118.79,119.28457142857143,117.80085714285715,2026-08-28T17:11:00.736845+09:00,2026-08-28 17:10:40.745,2026-08-28 17:10:32.818,118.79,118.81,118.82,0.00841821702162716,296482029.0,362417780.7304,-0.0213,0.0,9516683.0,-0.386409352119552,40.93959731543643,23.232323232323267,32.14837712519325,118.90319573594522,119.10066709144496,119.28069250477125,119.58224024761375,119.73177468514828,120.2925251797072,-0.1987822567887889,-0.16376849793397838,-0.035013758854810534,-0.31951615377913356,-0.27275873585047883,-0.04675741792865473,-0.5263556079012943,-0.3862037367352305,-0.1401518711660638,2.430809043774051,3.764631356299536,1.4952400831566166,0.25495171551236673,0.3469508015345196,0.6139285413635119,3.0,30.5,SHORT,27.5,,79785.2,0.028584897144522874,0.0519162618284985,0.10444855311731271,-0.27634305605118303,72.67002518891688,45.48148148148139,45.1205193728848,35.7911415727024,79735.86300676753,79699.90578541765,79697.9268236618,79717.76383291122,79714.79507727851,79810.13088453341,79860.31462509866,79818.96303317245,29.357542453406495,15.488486356990833,-25.58035847095016,-30.23143562688431,-107.41182405689324,-108.32218247545013,127.85140796545602,236.20008009285073,0.7771777492482265,1.3673524596177842,1.0427042182357114,0.6347184491046935,0.05063595754600766,0.11443225059284022,0.2064292625699981,0.5484189334076297,"{""time"":""2026-08-28T17:11:00.512698"",""symbol"":""SOXL_USDT"",""event"":""OPEN"",""direction"":""SHORT"",""entry"":""118.79"",""sl"":""119.28457142857143"",""tp"":""117.80085714285715"",""exit"":"""",""result_r"":"""",""edge"":""27.5"",""rsi5"":""23.232323232323267"",""rsi15"":""32.14837712519325"",""volume_ratio1"":""2.430809043774051"",""volume_ratio5"":""3.764631356299536"",""spread_pct"":""0.00841821702162716"",""amount24"":""362417780.7304"",""note"":""TREND_VOLUME"",""scan_time_jst"":""2026-08-28 17:10:40.745"",""ticker_time_jst"":""2026-08-28 17:10:32.818"",""price"":""118.79"",""bid"":""118.81"",""ask"":""118.82"",""volume24"":""296482029.0"",""change24"":""-0.0213"",""funding_rate"":""0.0"",""oi"":""9516683.0"",""oi_change_pct"":""-0.386409352119552"",""rsi1"":""40.93959731543643"",""ema9_1"":""118.90319573594522"",""ema21_1"":""119.10066709144496"",""ema9_5"":""119.28069250477125"",""ema21_5"":""119.58224024761375"",""ema9_15"":""119.73177468514828"",""ema21_15"":""120.2925251797072"",""macd1"":""-0.1987822567887889"",""macd_signal1"":""-0.16376849793397838"",""macd_hist1"":""-0.035013758854810534"",""macd5"":""-0.31951615377913356"",""macd_signal5"":""-0.27275873585047883"",""macd_hist5"":""-0.04675741792865473"",""macd15"":""-0.5263556079012943"",""macd_signal15"":""-0.3862037367352305"",""macd_hist15"":""-0.1401518711660638"",""volume_ratio15"":""1.4952400831566166"",""atr1_pct"":""0.25495171551236673"",""atr5_pct"":""0.3469508015345196"",""atr15_pct"":""0.6139285413635119"",""long_score"":""3.0"",""short_score"":""30.5"",""bias"":""SHORT"",""btc_price"":""79785.2"",""btc_ret_1m_pct"":""0.028584897144522874"",""btc_ret_5m_pct"":""0.0519162618284985"",""btc_ret_15m_pct"":""0.10444855311731271"",""btc_ret_1h_pct"":""-0.27634305605118303"",""btc_rsi1"":""72.67002518891688"",""btc_rsi5"":""45.48148148148139"",""btc_rsi15"":""45.1205193728848"",""btc_rsi60"":""35.7911415727024"",""btc_ema9_1"":""79735.86300676753"",""btc_ema21_1"":""79699.90578541765"",""btc_ema9_5"":""79697.9268236618"",""btc_ema21_5"":""79717.76383291122"",""btc_ema9_15"":""79714.79507727851"",""btc_ema21_15"":""79810.13088453341"",""btc_ema9_60"":""79860.31462509866"",""btc_ema21_60"":""79818.96303317245"",""btc_macd1"":""29.357542453406495"",""btc_macd_signal1"":""15.488486356990833"",""btc_macd5"":""-25.58035847095016"",""btc_macd_signal5"":""-30.23143562688431"",""btc_macd15"":""-107.41182405689324"",""btc_macd_signal15"":""-108.32218247545013"",""btc_macd60"":""127.85140796545602"",""btc_macd_signal60"":""236.20008009285073"",""btc_volume_ratio1"":""0.7771777492482265"",""btc_volume_ratio5"":""1.3673524596177842"",""btc_volume_ratio15"":""1.0427042182357114"",""btc_volume_ratio60"":""0.6347184491046935"",""btc_atr1_pct"":""0.05063595754600766"",""btc_atr5_pct"":""0.11443225059284022"",""btc_atr15_pct"":""0.2064292625699981"",""btc_atr60_pct"":""0.5484189334076297""}"
1c2f01dfacb45cd8487925a3,OI_FUNDING,2026-08-28T17:11:00.595163,NVIDIA_USDT,SHORT,225.77,226.56019500000002,224.18961000000002,2026-08-28T17:11:00.755845+09:00,2026-08-28 17:10:52.205,2026-08-28 17:10:32.718,225.77,225.78,225.79,0.004429286441950173,20590236.0,46515705.3136,-0.0015,0.0,11283107.0,0.5886380937497185,33.333333333332746,7.7419354838712025,43.8818565400845,226.00707722753566,226.16180455594937,226.25412322545418,226.39125645407475,226.47173825053608,226.49229267253173,-0.1481593607485081,-0.10910967683133113,-0.039049683917176975,-0.09786018272990304,-0.014910115347156255,-0.0829500673827468,-0.015252992177238411,-0.007451556729542433,-0.007801435447695978,2.7988490329598448,4.6562304130145025,6.107675116427215,0.06897031745328795,0.08921848404507546,0.12243813235973412,1.5,42.0,SHORT,40.5,,79785.2,0.028584897144522874,0.0519162618284985,0.10444855311731271,-0.27634305605118303,72.67002518891688,45.48148148148139,45.1205193728848,35.7911415727024,79735.86300676753,79699.90578541765,79697.9268236618,79717.76383291122,79714.79507727851,79810.13088453341,79860.31462509866,79818.96303317245,29.357542453406495,15.488486356990833,-25.58035847095016,-30.23143562688431,-107.41182405689324,-108.32218247545013,127.85140796545602,236.20008009285073,0.7771777492482265,1.3673524596177842,1.0427042182357114,0.6347184491046935,0.05063595754600766,0.11443225059284022,0.2064292625699981,0.5484189334076297,"{""time"":""2026-08-28T17:11:00.595163"",""symbol"":""NVIDIA_USDT"",""event"":""OPEN"",""direction"":""SHORT"",""entry"":""225.77"",""sl"":""226.56019500000002"",""tp"":""224.18961000000002"",""exit"":"""",""result_r"":"""",""oi_change_pct"":""0.5886380937497185"",""funding_rate"":""0.0"",""edge"":""40.5"",""volume_ratio5"":""4.6562304130145025"",""rsi5"":""7.7419354838712025"",""spread_pct"":""0.004429286441950173"",""amount24"":""46515705.3136"",""note"":""OI_FUNDING"",""scan_time_jst"":""2026-08-28 17:10:52.205"",""ticker_time_jst"":""2026-08-28 17:10:32.718"",""price"":""225.77"",""bid"":""225.78"",""ask"":""225.79"",""volume24"":""20590236.0"",""change24"":""-0.0015"",""oi"":""11283107.0"",""rsi1"":""33.333333333332746"",""rsi15"":""43.8818565400845"",""ema9_1"":""226.00707722753566"",""ema21_1"":""226.16180455594937"",""ema9_5"":""226.25412322545418"",""ema21_5"":""226.39125645407475"",""ema9_15"":""226.47173825053608"",""ema21_15"":""226.49229267253173"",""macd1"":""-0.1481593607485081"",""macd_signal1"":""-0.10910967683133113"",""macd_hist1"":""-0.039049683917176975"",""macd5"":""-0.09786018272990304"",""macd_signal5"":""-0.014910115347156255"",""macd_hist5"":""-0.0829500673827468"",""macd15"":""-0.015252992177238411"",""macd_signal15"":""-0.007451556729542433"",""macd_hist15"":""-0.007801435447695978"",""volume_ratio1"":""2.7988490329598448"",""volume_ratio15"":""6.107675116427215"",""atr1_pct"":""0.06897031745328795"",""atr5_pct"":""0.08921848404507546"",""atr15_pct"":""0.12243813235973412"",""long_score"":""1.5"",""short_score"":""42.0"",""bias"":""SHORT"",""btc_price"":""79785.2"",""btc_ret_1m_pct"":""0.028584897144522874"",""btc_ret_5m_pct"":""0.0519162618284985"",""btc_ret_15m_pct"":""0.10444855311731271"",""btc_ret_1h_pct"":""-0.27634305605118303"",""btc_rsi1"":""72.67002518891688"",""btc_rsi5"":""45.48148148148139"",""btc_rsi15"":""45.1205193728848"",""btc_rsi60"":""35.7911415727024"",""btc_ema9_1"":""79735.86300676753"",""btc_ema21_1"":""79699.90578541765"",""btc_ema9_5"":""79697.9268236618"",""btc_ema21_5"":""79717.76383291122"",""btc_ema9_15"":""79714.79507727851"",""btc_ema21_15"":""79810.13088453341"",""btc_ema9_60"":""79860.31462509866"",""btc_ema21_60"":""79818.96303317245"",""btc_macd1"":""29.357542453406495"",""btc_macd_signal1"":""15.488486356990833"",""btc_macd5"":""-25.58035847095016"",""btc_macd_signal5"":""-30.23143562688431"",""btc_macd15"":""-107.41182405689324"",""btc_macd_signal15"":""-108.32218247545013"",""btc_macd60"":""127.85140796545602"",""btc_macd_signal60"":""236.20008009285073"",""btc_volume_ratio1"":""0.7771777492482265"",""btc_volume_ratio5"":""1.3673524596177842"",""btc_volume_ratio15"":""1.0427042182357114"",""btc_volume_ratio60"":""0.6347184491046935"",""btc_atr1_pct"":""0.05063595754600766"",""btc_atr5_pct"":""0.11443225059284022"",""btc_atr15_pct"":""0.2064292625699981"",""btc_atr60_pct"":""0.5484189334076297""}"
279f6790058e072c32026560,TREND_VOLUME,2026-08-28T17:20:57.139871,TRUMPOFFICIAL_USDT,LONG,2.827,2.7994,2.8822,2026-08-28T17:20:57.355073+09:00,2026-08-28 17:20:49.389,2026-08-28 17:20:26.914,2.827,2.826,2.827,0.03537318712415599,161586967.0,42671739.232,0.0814,5e-05,84883821.0,1.2567027804485498,57.44680851063847,69.0140845070423,72.52252252252264,2.8295157799640687,2.823498844486276,2.8108795463794958,2.797434644189799,2.7871600475985376,2.7572351505177695,0.007699396045382834,0.008920405585190243,-0.0012210095398074092,0.013545729011104068,0.010365461024096178,0.003180267987007891,0.03434005872510815,0.03358323409239144,0.0007568246327167086,5.144283355761054,1.8071003171028641,0.9040164269483895,0.4194249330436077,0.8135833038556799,1.606953357926122,26.5,5.5,LONG,21.0,,79809.8,0.022057293820706564,0.12570631391952422,0.08261785600386083,-0.27634305605118303,69.29328621908175,58.82422243166838,50.88091700275981,35.7911415727024,79772.52060761949,79742.58531851663,79722.16916714348,79725.45618674617,79713.75606182285,79800.99152631401,79860.31462509866,79818.96303317245,30.22289499323233,25.91996068845161,-12.750832469435409,-25.56618245761629,-101.6536153361958,-106.96403466506398,127.85140796545602,236.20008009285073,0.5968750581465174,1.3486839640358883,1.3361619209023283,0.6347184491046935,0.03994317919424496,0.1111213338283163,0.20273199531886774,0.5482498926913038,"{""time"":""2026-08-28T17:20:57.139871"",""symbol"":""TRUMPOFFICIAL_USDT"",""event"":""OPEN"",""direction"":""LONG"",""entry"":""2.827"",""sl"":""2.7994"",""tp"":""2.8822"",""exit"":"""",""result_r"":"""",""edge"":""21.0"",""rsi5"":""69.0140845070423"",""rsi15"":""72.52252252252264"",""volume_ratio1"":""5.144283355761054"",""volume_ratio5"":""1.8071003171028641"",""spread_pct"":""0.03537318712415599"",""amount24"":""42671739.232"",""note"":""TREND_VOLUME"",""scan_time_jst"":""2026-08-28 17:20:49.389"",""ticker_time_jst"":""2026-08-28 17:20:26.914"",""price"":""2.827"",""bid"":""2.826"",""ask"":""2.827"",""volume24"":""161586967.0"",""change24"":""0.0814"",""funding_rate"":""5e-05"",""oi"":""84883821.0"",""oi_change_pct"":""1.2567027804485498"",""rsi1"":""57.44680851063847"",""ema9_1"":""2.8295157799640687"",""ema21_1"":""2.823498844486276"",""ema9_5"":""2.8108795463794958"",""ema21_5"":""2.797434644189799"",""ema9_15"":""2.7871600475985376"",""ema21_15"":""2.7572351505177695"",""macd1"":""0.007699396045382834"",""macd_signal1"":""0.008920405585190243"",""macd_hist1"":""-0.0012210095398074092"",""macd5"":""0.013545729011104068"",""macd_signal5"":""0.010365461024096178"",""macd_hist5"":""0.003180267987007891"",""macd15"":""0.03434005872510815"",""macd_signal15"":""0.03358323409239144"",""macd_hist15"":""0.0007568246327167086"",""volume_ratio15"":""0.9040164269483895"",""atr1_pct"":""0.4194249330436077"",""atr5_pct"":""0.8135833038556799"",""atr15_pct"":""1.606953357926122"",""long_score"":""26.5"",""short_score"":""5.5"",""bias"":""LONG"",""btc_price"":""79809.8"",""btc_ret_1m_pct"":""0.022057293820706564"",""btc_ret_5m_pct"":""0.12570631391952422"",""btc_ret_15m_pct"":""0.08261785600386083"",""btc_ret_1h_pct"":""-0.27634305605118303"",""btc_rsi1"":""69.29328621908175"",""btc_rsi5"":""58.82422243166838"",""btc_rsi15"":""50.88091700275981"",""btc_rsi60"":""35.7911415727024"",""btc_ema9_1"":""79772.52060761949"",""btc_ema21_1"":""79742.58531851663"",""btc_ema9_5"":""79722.16916714348"",""btc_ema21_5"":""79725.45618674617"",""btc_ema9_15"":""79713.75606182285"",""btc_ema21_15"":""79800.99152631401"",""btc_ema9_60"":""79860.31462509866"",""btc_ema21_60"":""79818.96303317245"",""btc_macd1"":""30.22289499323233"",""btc_macd_signal1"":""25.91996068845161"",""btc_macd5"":""-12.750832469435409"",""btc_macd_signal5"":""-25.56618245761629"",""btc_macd15"":""-101.6536153361958"",""btc_macd_signal15"":""-106.96403466506398"",""btc_macd60"":""127.85140796545602"",""btc_macd_signal60"":""236.20008009285073"",""btc_volume_ratio1"":""0.5968750581465174"",""btc_volume_ratio5"":""1.3486839640358883"",""btc_volume_ratio15"":""1.3361619209023283"",""btc_volume_ratio60"":""0.6347184491046935"",""btc_atr1_pct"":""0.03994317919424496"",""btc_atr5_pct"":""0.1111213338283163"",""btc_atr15_pct"":""0.20273199531886774"",""btc_atr60_pct"":""0.5482498926913038""}"
28bb69eeee909c72ac3211c1,TREND_VOLUME,2026-08-28T17:20:57.140137,TUT_USDT,SHORT,0.04509,0.04567199999999999,0.043926,2026-08-28T17:20:57.355319+09:00,2026-08-28 17:20:55.301,2026-08-28 17:20:26.914,0.04509,0.04509,0.0451,0.022177866489250526,3659910.0,20455134.199,-0.2272,-9e-06,579018.0,-3.238970588235294,16.55172413793123,37.329700272479585,15.023474178403674,0.04543703758254343,0.04565909075871508,0.045840132876432294,0.046468501728697806,0.04663873346038663,0.04752379364081934,-0.0002068598990358425,-0.0001411940138994643,-6.566588513637822e-05,-0.0006725577463692275,-0.0006242754951259541,-4.828225124327344e-05,-0.0008666580233221699,-0.0006274153574565263,-0.00023924266586564363,2.920286442687105,1.840472774475644,1.5541836712020325,0.3801919969584639,1.0756265247283208,1.720368786237049,3.0,39.0,SHORT,36.0,,79809.8,0.022057293820706564,0.12570631391952422,0.08261785600386083,-0.27634305605118303,69.29328621908175,58.82422243166838,50.88091700275981,35.7911415727024,79772.52060761949,79742.58531851663,79722.16916714348,79725.45618674617,79713.75606182285,79800.99152631401,79860.31462509866,79818.96303317245,30.22289499323233,25.91996068845161,-12.750832469435409,-25.56618245761629,-101.6536153361958,-106.96403466506398,127.85140796545602,236.20008009285073,0.5968750581465174,1.3486839640358883,1.3361619209023283,0.6347184491046935,0.03994317919424496,0.1111213338283163,0.20273199531886774,0.5482498926913038,"{""time"":""2026-08-28T17:20:57.140137"",""symbol"":""TUT_USDT"",""event"":""OPEN"",""direction"":""SHORT"",""entry"":""0.04509"",""sl"":""0.04567199999999999"",""tp"":""0.043926"",""exit"":"""",""result_r"":"""",""edge"":""36.0"",""rsi5"":""37.329700272479585"",""rsi15"":""15.023474178403674"",""volume_ratio1"":""2.920286442687105"",""volume_ratio5"":""1.840472774475644"",""spread_pct"":""0.022177866489250526"",""amount24"":""20455134.199"",""note"":""TREND_VOLUME"",""scan_time_jst"":""2026-08-28 17:20:55.301"",""ticker_time_jst"":""2026-08-28 17:20:26.914"",""price"":""0.04509"",""bid"":""0.04509"",""ask"":""0.0451"",""volume24"":""3659910.0"",""change24"":""-0.2272"",""funding_rate"":""-9e-06"",""oi"":""579018.0"",""oi_change_pct"":""-3.238970588235294"",""rsi1"":""16.55172413793123"",""ema9_1"":""0.04543703758254343"",""ema21_1"":""0.04565909075871508"",""ema9_5"":""0.045840132876432294"",""ema21_5"":""0.046468501728697806"",""ema9_15"":""0.04663873346038663"",""ema21_15"":""0.04752379364081934"",""macd1"":""-0.0002068598990358425"",""macd_signal1"":""-0.0001411940138994643"",""macd_hist1"":""-6.566588513637822e-05"",""macd5"":""-0.0006725577463692275"",""macd_signal5"":""-0.0006242754951259541"",""macd_hist5"":""-4.828225124327344e-05"",""macd15"":""-0.0008666580233221699"",""macd_signal15"":""-0.0006274153574565263"",""macd_hist15"":""-0.00023924266586564363"",""volume_ratio15"":""1.5541836712020325"",""atr1_pct"":""0.3801919969584639"",""atr5_pct"":""1.0756265247283208"",""atr15_pct"":""1.720368786237049"",""long_score"":""3.0"",""short_score"":""39.0"",""bias"":""SHORT"",""btc_price"":""79809.8"",""btc_ret_1m_pct"":""0.022057293820706564"",""btc_ret_5m_pct"":""0.12570631391952422"",""btc_ret_15m_pct"":""0.08261785600386083"",""btc_ret_1h_pct"":""-0.27634305605118303"",""btc_rsi1"":""69.29328621908175"",""btc_rsi5"":""58.82422243166838"",""btc_rsi15"":""50.88091700275981"",""btc_rsi60"":""35.7911415727024"",""btc_ema9_1"":""79772.52060761949"",""btc_ema21_1"":""79742.58531851663"",""btc_ema9_5"":""79722.16916714348"",""btc_ema21_5"":""79725.45618674617"",""btc_ema9_15"":""79713.75606182285"",""btc_ema21_15"":""79800.99152631401"",""btc_ema9_60"":""79860.31462509866"",""btc_ema21_60"":""79818.96303317245"",""btc_macd1"":""30.22289499323233"",""btc_macd_signal1"":""25.91996068845161"",""btc_macd5"":""-12.750832469435409"",""btc_macd_signal5"":""-25.56618245761629"",""btc_macd15"":""-101.6536153361958"",""btc_macd_signal15"":""-106.96403466506398"",""btc_macd60"":""127.85140796545602"",""btc_macd_signal60"":""236.20008009285073"",""btc_volume_ratio1"":""0.5968750581465174"",""btc_volume_ratio5"":""1.3486839640358883"",""btc_volume_ratio15"":""1.3361619209023283"",""btc_volume_ratio60"":""0.6347184491046935"",""btc_atr1_pct"":""0.03994317919424496"",""btc_atr5_pct"":""0.1111213338283163"",""btc_atr15_pct"":""0.20273199531886774"",""btc_atr60_pct"":""0.5482498926913038""}"
32fca1249504d2efe7655b27,OI_FUNDING,2026-08-28T17:20:57.221854,MUSTOCK_USDT,SHORT,913.28,916.47648,906.88704,2026-08-28T17:20:57.374442+09:00,2026-08-28 17:20:38.152,2026-08-28 17:20:26.936,913.28,913.34,913.35,0.0010949544498938886,32484951.0,303564698.5518,-0.0019,0.000185,2236190.0,1.5691001815007333,50.496838301716416,34.569247546346105,38.91213389121353,912.8925142182673,913.6802986385698,914.5092954048221,915.3131662713345,915.5771858001556,917.1158860135404,-0.8234394707105821,-0.7426541220260219,-0.08078534868456022,-0.7215230147724014,-0.408168208579353,-0.31335480619304845,-1.8227271422265403,-1.8726512637954313,0.04992412156889103,0.19431613257857025,1.8678381311695695,3.2245973680542366,0.13342802082290478,0.1832484482931238,0.3015035288817714,3.0,37.0,SHORT,34.0,,79809.8,0.022057293820706564,0.12570631391952422,0.08261785600386083,-0.27634305605118303,69.29328621908175,58.82422243166838,50.88091700275981,35.7911415727024,79772.52060761949,79742.58531851663,79722.16916714348,79725.45618674617,79713.75606182285,79800.99152631401,79860.31462509866,79818.96303317245,30.22289499323233,25.91996068845161,-12.750832469435409,-25.56618245761629,-101.6536153361958,-106.96403466506398,127.85140796545602,236.20008009285073,0.5968750581465174,1.3486839640358883,1.3361619209023283,0.6347184491046935,0.03994317919424496,0.1111213338283163,0.20273199531886774,0.5482498926913038,"{""time"":""2026-08-28T17:20:57.221854"",""symbol"":""MUSTOCK_USDT"",""event"":""OPEN"",""direction"":""SHORT"",""entry"":""913.28"",""sl"":""916.47648"",""tp"":""906.88704"",""exit"":"""",""result_r"":"""",""oi_change_pct"":""1.5691001815007333"",""funding_rate"":""0.000185"",""edge"":""34.0"",""volume_ratio5"":""1.8678381311695695"",""rsi5"":""34.569247546346105"",""spread_pct"":""0.0010949544498938886"",""amount24"":""303564698.5518"",""note"":""OI_FUNDING"",""scan_time_jst"":""2026-08-28 17:20:38.152"",""ticker_time_jst"":""2026-08-28 17:20:26.936"",""price"":""913.28"",""bid"":""913.34"",""ask"":""913.35"",""volume24"":""32484951.0"",""change24"":""-0.0019"",""oi"":""2236190.0"",""rsi1"":""50.496838301716416"",""rsi15"":""38.91213389121353"",""ema9_1"":""912.8925142182673"",""ema21_1"":""913.6802986385698"",""ema9_5"":""914.5092954048221"",""ema21_5"":""915.3131662713345"",""ema9_15"":""915.5771858001556"",""ema21_15"":""917.1158860135404"",""macd1"":""-0.8234394707105821"",""macd_signal1"":""-0.7426541220260219"",""macd_hist1"":""-0.08078534868456022"",""macd5"":""-0.7215230147724014"",""macd_signal5"":""-0.408168208579353"",""macd_hist5"":""-0.31335480619304845"",""macd15"":""-1.8227271422265403"",""macd_signal15"":""-1.8726512637954313"",""macd_hist15"":""0.04992412156889103"",""volume_ratio1"":""0.19431613257857025"",""volume_ratio15"":""3.2245973680542366"",""atr1_pct"":""0.13342802082290478"",""atr5_pct"":""0.1832484482931238"",""atr15_pct"":""0.3015035288817714"",""long_score"":""3.0"",""short_score"":""37.0"",""bias"":""SHORT"",""btc_price"":""79809.8"",""btc_ret_1m_pct"":""0.022057293820706564"",""btc_ret_5m_pct"":""0.12570631391952422"",""btc_ret_15m_pct"":""0.08261785600386083"",""btc_ret_1h_pct"":""-0.27634305605118303"",""btc_rsi1"":""69.29328621908175"",""btc_rsi5"":""58.82422243166838"",""btc_rsi15"":""50.88091700275981"",""btc_rsi60"":""35.7911415727024"",""btc_ema9_1"":""79772.52060761949"",""btc_ema21_1"":""79742.58531851663"",""btc_ema9_5"":""79722.16916714348"",""btc_ema21_5"":""79725.45618674617"",""btc_ema9_15"":""79713.75606182285"",""btc_ema21_15"":""79800.99152631401"",""btc_ema9_60"":""79860.31462509866"",""btc_ema21_60"":""79818.96303317245"",""btc_macd1"":""30.22289499323233"",""btc_macd_signal1"":""25.91996068845161"",""btc_macd5"":""-12.750832469435409"",""btc_macd_signal5"":""-25.56618245761629"",""btc_macd15"":""-101.6536153361958"",""btc_macd_signal15"":""-106.96403466506398"",""btc_macd60"":""127.85140796545602"",""btc_macd_signal60"":""236.20008009285073"",""btc_volume_ratio1"":""0.5968750581465174"",""btc_volume_ratio5"":""1.3486839640358883"",""btc_volume_ratio15"":""1.3361619209023283"",""btc_volume_ratio60"":""0.6347184491046935"",""btc_atr1_pct"":""0.03994317919424496"",""btc_atr5_pct"":""0.1111213338283163"",""btc_atr15_pct"":""0.20273199531886774"",""btc_atr60_pct"":""0.5482498926913038""}"
127165e1e440c347739da250,OI_FUNDING,2026-08-28T17:20:57.222074,HYPE_USDT,LONG,84.439,84.1434635,85.03007299999999,2026-08-28T17:20:57.374651+09:00,2026-08-28 17:20:39.016,2026-08-28 17:20:26.886,84.439,84.433,84.434,0.0011842868816430371,25289945.0,212443180.3777,-0.0022,5e-05,9979420.0,1.309105446472741,55.80357142857168,78.5681714546284,70.00264061262217,84.46583073927866,84.3801048516043,84.1567212014078,83.81903274872393,83.70005494276631,83.58916958442194,0.12776655579445162,0.1665129244307315,-0.03874636863627989,0.3042020929646867,0.20179519665923887,0.10240689630544783,-0.006251205470135801,-0.18482924241341414,0.17857803694327834,0.9690478113390405,1.295493886947857,3.265600192059479,0.12020511848789944,0.29158834864729205,0.5122040763154473,26.5,4.0,LONG,22.5,,79809.8,0.022057293820706564,0.12570631391952422,0.08261785600386083,-0.27634305605118303,69.29328621908175,58.82422243166838,50.88091700275981,35.7911415727024,79772.52060761949,79742.58531851663,79722.16916714348,79725.45618674617,79713.75606182285,79800.99152631401,79860.31462509866,79818.96303317245,30.22289499323233,25.91996068845161,-12.750832469435409,-25.56618245761629,-101.6536153361958,-106.96403466506398,127.85140796545602,236.20008009285073,0.5968750581465174,1.3486839640358883,1.3361619209023283,0.6347184491046935,0.03994317919424496,0.1111213338283163,0.20273199531886774,0.5482498926913038,"{""time"":""2026-08-28T17:20:57.222074"",""symbol"":""HYPE_USDT"",""event"":""OPEN"",""direction"":""LONG"",""entry"":""84.439"",""sl"":""84.1434635"",""tp"":""85.03007299999999"",""exit"":"""",""result_r"":"""",""oi_change_pct"":""1.309105446472741"",""funding_rate"":""5e-05"",""edge"":""22.5"",""volume_ratio5"":""1.295493886947857"",""rsi5"":""78.5681714546284"",""spread_pct"":""0.0011842868816430371"",""amount24"":""212443180.3777"",""note"":""OI_FUNDING"",""scan_time_jst"":""2026-08-28 17:20:39.016"",""ticker_time_jst"":""2026-08-28 17:20:26.886"",""price"":""84.439"",""bid"":""84.433"",""ask"":""84.434"",""volume24"":""25289945.0"",""change24"":""-0.0022"",""oi"":""9979420.0"",""rsi1"":""55.80357142857168"",""rsi15"":""70.00264061262217"",""ema9_1"":""84.46583073927866"",""ema21_1"":""84.3801048516043"",""ema9_5"":""84.1567212014078"",""ema21_5"":""83.81903274872393"",""ema9_15"":""83.70005494276631"",""ema21_15"":""83.58916958442194"",""macd1"":""0.12776655579445162"",""macd_signal1"":""0.1665129244307315"",""macd_hist1"":""-0.03874636863627989"",""macd5"":""0.3042020929646867"",""macd_signal5"":""0.20179519665923887"",""macd_hist5"":""0.10240689630544783"",""macd15"":""-0.006251205470135801"",""macd_signal15"":""-0.18482924241341414"",""macd_hist15"":""0.17857803694327834"",""volume_ratio1"":""0.9690478113390405"",""volume_ratio15"":""3.265600192059479"",""atr1_pct"":""0.12020511848789944"",""atr5_pct"":""0.29158834864729205"",""atr15_pct"":""0.5122040763154473"",""long_score"":""26.5"",""short_score"":""4.0"",""bias"":""LONG"",""btc_price"":""79809.8"",""btc_ret_1m_pct"":""0.022057293820706564"",""btc_ret_5m_pct"":""0.12570631391952422"",""btc_ret_15m_pct"":""0.08261785600386083"",""btc_ret_1h_pct"":""-0.27634305605118303"",""btc_rsi1"":""69.29328621908175"",""btc_rsi5"":""58.82422243166838"",""btc_rsi15"":""50.88091700275981"",""btc_rsi60"":""35.7911415727024"",""btc_ema9_1"":""79772.52060761949"",""btc_ema21_1"":""79742.58531851663"",""btc_ema9_5"":""79722.16916714348"",""btc_ema21_5"":""79725.45618674617"",""btc_ema9_15"":""79713.75606182285"",""btc_ema21_15"":""79800.99152631401"",""btc_ema9_60"":""79860.31462509866"",""btc_ema21_60"":""79818.96303317245"",""btc_macd1"":""30.22289499323233"",""btc_macd_signal1"":""25.91996068845161"",""btc_macd5"":""-12.750832469435409"",""btc_macd_signal5"":""-25.56618245761629"",""btc_macd15"":""-101.6536153361958"",""btc_macd_signal15"":""-106.96403466506398"",""btc_macd60"":""127.85140796545602"",""btc_macd_signal60"":""236.20008009285073"",""btc_volume_ratio1"":""0.5968750581465174"",""btc_volume_ratio5"":""1.3486839640358883"",""btc_volume_ratio15"":""1.3361619209023283"",""btc_volume_ratio60"":""0.6347184491046935"",""btc_atr1_pct"":""0.03994317919424496"",""btc_atr5_pct"":""0.1111213338283163"",""btc_atr15_pct"":""0.20273199531886774"",""btc_atr60_pct"":""0.5482498926913038""}"
a360a262fc4a579280b2e89d,OI_FUNDING,2026-08-28T17:20:57.222273,SNDKSTOCK_USDT,SHORT,1445.06,1450.11771,1434.9445799999999,2026-08-28T17:20:57.374821+09:00,2026-08-28 17:20:41.632,2026-08-28 17:20:26.886,1445.06,1444.58,1444.65,0.004844089518785636,78300526.0,117159310.37927,-0.0223,0.000334,23144445.0,1.344789371402464,45.33146591970132,39.07203907203916,41.480555989379845,1443.772229767168,1446.0524852864228,1448.2642050883521,1449.111904180427,1448.73136513145,1452.0962608397692,-2.4054644742536766,-2.222370994610019,-0.18309347964365763,-0.4898008846355424,0.3802295117952478,-0.8700303964307902,-4.5411270833737944,-5.350306847127284,0.8091797637534892,1.0298807260303957,2.787290890427671,1.1657602970644756,0.16301844115222228,0.2592576482241943,0.488659887577578,7.5,28.5,SHORT,21.0,,79809.8,0.022057293820706564,0.12570631391952422,0.08261785600386083,-0.27634305605118303,69.29328621908175,58.82422243166838,50.88091700275981,35.7911415727024,79772.52060761949,79742.58531851663,79722.16916714348,79725.45618674617,79713.75606182285,79800.99152631401,79860.31462509866,79818.96303317245,30.22289499323233,25.91996068845161,-12.750832469435409,-25.56618245761629,-101.6536153361958,-106.96403466506398,127.85140796545602,236.20008009285073,0.5968750581465174,1.3486839640358883,1.3361619209023283,0.6347184491046935,0.03994317919424496,0.1111213338283163,0.20273199531886774,0.5482498926913038,"{""time"":""2026-08-28T17:20:57.222273"",""symbol"":""SNDKSTOCK_USDT"",""event"":""OPEN"",""direction"":""SHORT"",""entry"":""1445.06"",""sl"":""1450.11771"",""tp"":""1434.9445799999999"",""exit"":"""",""result_r"":"""",""oi_change_pct"":""1.344789371402464"",""funding_rate"":""0.000334"",""edge"":""21.0"",""volume_ratio5"":""2.787290890427671"",""rsi5"":""39.07203907203916"",""spread_pct"":""0.004844089518785636"",""amount24"":""117159310.37927"",""note"":""OI_FUNDING"",""scan_time_jst"":""2026-08-28 17:20:41.632"",""ticker_time_jst"":""2026-08-28 17:20:26.886"",""price"":""1445.06"",""bid"":""1444.58"",""ask"":""1444.65"",""volume24"":""78300526.0"",""change24"":""-0.0223"",""oi"":""23144445.0"",""rsi1"":""45.33146591970132"",""rsi15"":""41.480555989379845"",""ema9_1"":""1443.772229767168"",""ema21_1"":""1446.0524852864228"",""ema9_5"":""1448.2642050883521"",""ema21_5"":""1449.111904180427"",""ema9_15"":""1448.73136513145"",""ema21_15"":""1452.0962608397692"",""macd1"":""-2.4054644742536766"",""macd_signal1"":""-2.222370994610019"",""macd_hist1"":""-0.18309347964365763"",""macd5"":""-0.4898008846355424"",""macd_signal5"":""0.3802295117952478"",""macd_hist5"":""-0.8700303964307902"",""macd15"":""-4.5411270833737944"",""macd_signal15"":""-5.350306847127284"",""macd_hist15"":""0.8091797637534892"",""volume_ratio1"":""1.0298807260303957"",""volume_ratio15"":""1.1657602970644756"",""atr1_pct"":""0.16301844115222228"",""atr5_pct"":""0.2592576482241943"",""atr15_pct"":""0.488659887577578"",""long_score"":""7.5"",""short_score"":""28.5"",""bias"":""SHORT"",""btc_price"":""79809.8"",""btc_ret_1m_pct"":""0.022057293820706564"",""btc_ret_5m_pct"":""0.12570631391952422"",""btc_ret_15m_pct"":""0.08261785600386083"",""btc_ret_1h_pct"":""-0.27634305605118303"",""btc_rsi1"":""69.29328621908175"",""btc_rsi5"":""58.82422243166838"",""btc_rsi15"":""50.88091700275981"",""btc_rsi60"":""35.7911415727024"",""btc_ema9_1"":""79772.52060761949"",""btc_ema21_1"":""79742.58531851663"",""btc_ema9_5"":""79722.16916714348"",""btc_ema21_5"":""79725.45618674617"",""btc_ema9_15"":""79713.75606182285"",""btc_ema21_15"":""79800.99152631401"",""btc_ema9_60"":""79860.31462509866"",""btc_ema21_60"":""79818.96303317245"",""btc_macd1"":""30.22289499323233"",""btc_macd_signal1"":""25.91996068845161"",""btc_macd5"":""-12.750832469435409"",""btc_macd_signal5"":""-25.56618245761629"",""btc_macd15"":""-101.6536153361958"",""btc_macd_signal15"":""-106.96403466506398"",""btc_macd60"":""127.85140796545602"",""btc_macd_signal60"":""236.20008009285073"",""btc_volume_ratio1"":""0.5968750581465174"",""btc_volume_ratio5"":""1.3486839640358883"",""btc_volume_ratio15"":""1.3361619209023283"",""btc_volume_ratio60"":""0.6347184491046935"",""btc_atr1_pct"":""0.03994317919424496"",""btc_atr5_pct"":""0.1111213338283163"",""btc_atr15_pct"":""0.20273199531886774"",""btc_atr60_pct"":""0.5482498926913038""}"
22d3e061e33aa0b417fb579e,OI_FUNDING,2026-08-28T17:20:57.222470,TRUMPOFFICIAL_USDT,LONG,2.827,2.7994,2.8822,2026-08-28T17:20:57.374984+09:00,2026-08-28 17:20:49.389,2026-08-28 17:20:26.914,2.827,2.826,2.827,0.03537318712415599,161586967.0,42671739.232,0.0814,5e-05,84883821.0,1.2567027804485498,57.44680851063847,69.0140845070423,72.52252252252264,2.8295157799640687,2.823498844486276,2.8108795463794958,2.797434644189799,2.7871600475985376,2.7572351505177695,0.007699396045382834,0.008920405585190243,-0.0012210095398074092,0.013545729011104068,0.010365461024096178,0.003180267987007891,0.03434005872510815,0.03358323409239144,0.0007568246327167086,5.144283355761054,1.8071003171028641,0.9040164269483895,0.4194249330436077,0.8135833038556799,1.606953357926122,26.5,5.5,LONG,21.0,,79809.8,0.022057293820706564,0.12570631391952422,0.08261785600386083,-0.27634305605118303,69.29328621908175,58.82422243166838,50.88091700275981,35.7911415727024,79772.52060761949,79742.58531851663,79722.16916714348,79725.45618674617,79713.75606182285,79800.99152631401,79860.31462509866,79818.96303317245,30.22289499323233,25.91996068845161,-12.750832469435409,-25.56618245761629,-101.6536153361958,-106.96403466506398,127.85140796545602,236.20008009285073,0.5968750581465174,1.3486839640358883,1.3361619209023283,0.6347184491046935,0.03994317919424496,0.1111213338283163,0.20273199531886774,0.5482498926913038,"{""time"":""2026-08-28T17:20:57.222470"",""symbol"":""TRUMPOFFICIAL_USDT"",""event"":""OPEN"",""direction"":""LONG"",""entry"":""2.827"",""sl"":""2.7994"",""tp"":""2.8822"",""exit"":"""",""result_r"":"""",""oi_change_pct"":""1.2567027804485498"",""funding_rate"":""5e-05"",""edge"":""21.0"",""volume_ratio5"":""1.8071003171028641"",""rsi5"":""69.0140845070423"",""spread_pct"":""0.03537318712415599"",""amount24"":""42671739.232"",""note"":""OI_FUNDING"",""scan_time_jst"":""2026-08-28 17:20:49.389"",""ticker_time_jst"":""2026-08-28 17:20:26.914"",""price"":""2.827"",""bid"":""2.826"",""ask"":""2.827"",""volume24"":""161586967.0"",""change24"":""0.0814"",""oi"":""84883821.0"",""rsi1"":""57.44680851063847"",""rsi15"":""72.52252252252264"",""ema9_1"":""2.8295157799640687"",""ema21_1"":""2.823498844486276"",""ema9_5"":""2.8108795463794958"",""ema21_5"":""2.797434644189799"",""ema9_15"":""2.7871600475985376"",""ema21_15"":""2.7572351505177695"",""macd1"":""0.007699396045382834"",""macd_signal1"":""0.008920405585190243"",""macd_hist1"":""-0.0012210095398074092"",""macd5"":""0.013545729011104068"",""macd_signal5"":""0.010365461024096178"",""macd_hist5"":""0.003180267987007891"",""macd15"":""0.03434005872510815"",""macd_signal15"":""0.03358323409239144"",""macd_hist15"":""0.0007568246327167086"",""volume_ratio1"":""5.144283355761054"",""volume_ratio15"":""0.9040164269483895"",""atr1_pct"":""0.4194249330436077"",""atr5_pct"":""0.8135833038556799"",""atr15_pct"":""1.606953357926122"",""long_score"":""26.5"",""short_score"":""5.5"",""bias"":""LONG"",""btc_price"":""79809.8"",""btc_ret_1m_pct"":""0.022057293820706564"",""btc_ret_5m_pct"":""0.12570631391952422"",""btc_ret_15m_pct"":""0.08261785600386083"",""btc_ret_1h_pct"":""-0.27634305605118303"",""btc_rsi1"":""69.29328621908175"",""btc_rsi5"":""58.82422243166838"",""btc_rsi15"":""50.88091700275981"",""btc_rsi60"":""35.7911415727024"",""btc_ema9_1"":""79772.52060761949"",""btc_ema21_1"":""79742.58531851663"",""btc_ema9_5"":""79722.16916714348"",""btc_ema21_5"":""79725.45618674617"",""btc_ema9_15"":""79713.75606182285"",""btc_ema21_15"":""79800.99152631401"",""btc_ema9_60"":""79860.31462509866"",""btc_ema21_60"":""79818.96303317245"",""btc_macd1"":""30.22289499323233"",""btc_macd_signal1"":""25.91996068845161"",""btc_macd5"":""-12.750832469435409"",""btc_macd_signal5"":""-25.56618245761629"",""btc_macd15"":""-101.6536153361958"",""btc_macd_signal15"":""-106.96403466506398"",""btc_macd60"":""127.85140796545602"",""btc_macd_signal60"":""236.20008009285073"",""btc_volume_ratio1"":""0.5968750581465174"",""btc_volume_ratio5"":""1.3486839640358883"",""btc_volume_ratio15"":""1.3361619209023283"",""btc_volume_ratio60"":""0.6347184491046935"",""btc_atr1_pct"":""0.03994317919424496"",""btc_atr5_pct"":""0.1111213338283163"",""btc_atr15_pct"":""0.20273199531886774"",""btc_atr60_pct"":""0.5482498926913038""}"
8b7b34099d3a878a79f2f19b,PULLBACK,2026-08-28T17:31:10.921669,PEPE_USDT,SHORT,3.7914e-06,3.8046699e-06,3.7648601999999998e-06,2026-08-28T17:31:11.112470+09:00,2026-08-28 17:30:52.761,2026-08-28 17:30:35.724,3.7914e-06,3.7912e-06,3.7913e-06,0.0026375481352592517,2290698.0,89368619.949,-0.0324,0.0001,1798373.0,1.051379419238035,52.697095435684325,54.7908232118757,39.14541695382507,3.793563098605504e-06,3.7939201039237546e-06,3.793423598080182e-06,3.7966568262564544e-06,3.7961610727292323e-06,3.8121160472041927e-06,-6.830899011759406e-11,3.619624465327876e-10,-4.3027143665038165e-10,-4.835637822371515e-09,-6.344526986208927e-09,1.5088891638374122e-09,-1.832043730146222e-08,-1.820852367966852e-08,-1.1191362179370132e-10,0.27033745572058915,0.18388827880571038,0.7986836446301303,0.07856125517147823,0.2317274433115562,0.5190317937588078,8.5,27.0,SHORT,18.5,0.05334490145541276,79747.3,-0.006018650292597825,-0.015922768304911097,0.04729668697371093,-0.27634305605118303,54.27927927927797,53.21903031679331,54.73745117893821,35.7911415727024,79760.85226552874,79755.00985769025,79733.24826697182,79730.2964691286,79720.4648494585,79796.10950710606,79860.31462509866,79818.96303317245,11.780110384497675,18.644178543367893,-6.150104063301114,-18.94845368689117,-92.97295444378688,-104.14083526970356,127.85140796545602,236.20008009285073,0.6857972564131697,0.352482817664819,0.7714284183604534,0.6347184491046935,0.026924332950995188,0.10733905724707479,0.20101889701236272,0.5486795701636846,"{""time"":""2026-08-28T17:31:10.921669"",""symbol"":""PEPE_USDT"",""event"":""OPEN"",""direction"":""SHORT"",""entry"":""3.7914e-06"",""sl"":""3.8046699e-06"",""tp"":""3.7648601999999998e-06"",""exit"":"""",""result_r"":"""",""distance_ema9_5_pct"":""0.05334490145541276"",""rsi1"":""52.697095435684325"",""rsi5"":""54.7908232118757"",""rsi15"":""39.14541695382507"",""macd1"":""-6.830899011759406e-11"",""macd_signal1"":""3.619624465327876e-10"",""spread_pct"":""0.0026375481352592517"",""amount24"":""89368619.949"",""note"":""PULLBACK"",""scan_time_jst"":""2026-08-28 17:30:52.761"",""ticker_time_jst"":""2026-08-28 17:30:35.724"",""price"":""3.7914e-06"",""bid"":""3.7912e-06"",""ask"":""3.7913e-06"",""volume24"":""2290698.0"",""change24"":""-0.0324"",""funding_rate"":""0.0001"",""oi"":""1798373.0"",""oi_change_pct"":""1.051379419238035"",""ema9_1"":""3.793563098605504e-06"",""ema21_1"":""3.7939201039237546e-06"",""ema9_5"":""3.793423598080182e-06"",""ema21_5"":""3.7966568262564544e-06"",""ema9_15"":""3.7961610727292323e-06"",""ema21_15"":""3.8121160472041927e-06"",""macd_hist1"":""-4.3027143665038165e-10"",""macd5"":""-4.835637822371515e-09"",""macd_signal5"":""-6.344526986208927e-09"",""macd_hist5"":""1.5088891638374122e-09"",""macd15"":""-1.832043730146222e-08"",""macd_signal15"":""-1.820852367966852e-08"",""macd_hist15"":""-1.1191362179370132e-10"",""volume_ratio1"":""0.27033745572058915"",""volume_ratio5"":""0.18388827880571038"",""volume_ratio15"":""0.7986836446301303"",""atr1_pct"":""0.07856125517147823"",""atr5_pct"":""0.2317274433115562"",""atr15_pct"":""0.5190317937588078"",""long_score"":""8.5"",""short_score"":""27.0"",""bias"":""SHORT"",""edge"":""18.5"",""btc_price"":""79747.3"",""btc_ret_1m_pct"":""-0.006018650292597825"",""btc_ret_5m_pct"":""-0.015922768304911097"",""btc_ret_15m_pct"":""0.04729668697371093"",""btc_ret_1h_pct"":""-0.27634305605118303"",""btc_rsi1"":""54.27927927927797"",""btc_rsi5"":""53.21903031679331"",""btc_rsi15"":""54.73745117893821"",""btc_rsi60"":""35.7911415727024"",""btc_ema9_1"":""79760.85226552874"",""btc_ema21_1"":""79755.00985769025"",""btc_ema9_5"":""79733.24826697182"",""btc_ema21_5"":""79730.2964691286"",""btc_ema9_15"":""79720.4648494585"",""btc_ema21_15"":""79796.10950710606"",""btc_ema9_60"":""79860.31462509866"",""btc_ema21_60"":""79818.96303317245"",""btc_macd1"":""11.780110384497675"",""btc_macd_signal1"":""18.644178543367893"",""btc_macd5"":""-6.150104063301114"",""btc_macd_signal5"":""-18.94845368689117"",""btc_macd15"":""-92.97295444378688"",""btc_macd_signal15"":""-104.14083526970356"",""btc_macd60"":""127.85140796545602"",""btc_macd_signal60"":""236.20008009285073"",""btc_volume_ratio1"":""0.6857972564131697"",""btc_volume_ratio5"":""0.352482817664819"",""btc_volume_ratio15"":""0.7714284183604534"",""btc_volume_ratio60"":""0.6347184491046935"",""btc_atr1_pct"":""0.026924332950995188"",""btc_atr5_pct"":""0.10733905724707479"",""btc_atr15_pct"":""0.20101889701236272"",""btc_atr60_pct"":""0.5486795701636846""}"
e8224230667e08be8db39b89,HIGH_EDGE,2026-08-28T17:51:03.732249,SOL_USDT,SHORT,105.77,106.140195,105.02960999999999,2026-08-28T17:51:03.949253+09:00,2026-08-28 17:50:34.797,2026-08-28 17:50:28.726,105.77,105.85,105.86,0.009454476694719785,186259422.0,1991165226.849,-0.0127,-9e-06,32619669.0,-4.28591033517554,9.99999999999983,28.260869565217334,40.836012861736485,106.17941232461921,106.33260917277924,106.39917782137236,106.58755529132156,106.64998132611008,106.95176410670209,-0.12690616295543578,-0.06137110164794303,-0.06553506130749275,-0.19039087809042599,-0.1591023562546789,-0.031288521835747096,-0.3247703199875076,-0.2976670799043305,-0.027103240083177105,2.4413071591055657,2.8517689579936136,0.3427574149385136,0.1067005226974962,0.22555680114534257,0.39236078283067044,1.0,36.0,SHORT,35.0,,79479.9,-0.058596819927955866,-0.2542590907664868,-0.08125666950480193,-0.27634305605118303,14.436983471072978,40.91760299625421,52.406343051035236,35.7911415727024,79596.29242438232,79663.2544800763,79676.30121015145,79705.3730540668,79712.87187956729,79785.77847129303,79860.31462509866,79818.96303317245,-55.324033505501575,-27.795141281481357,-26.263198129687225,-14.869950292209854,-90.264046866243,-101.32206502354992,127.85140796545602,236.20008009285073,3.204634590505813,2.48473403214072,0.7956085519686714,0.6347184491046935,0.05273570514593612,0.12053361919176632,0.19559302774303988,0.5505255326908365,"{""time"":""2026-08-28T17:51:03.732249"",""symbol"":""SOL_USDT"",""event"":""OPEN"",""direction"":""SHORT"",""edge"":""35.0"",""entry"":""105.77"",""sl"":""106.140195"",""tp"":""105.02960999999999"",""exit"":"""",""result_r"":"""",""rsi1"":""9.99999999999983"",""rsi5"":""28.260869565217334"",""rsi15"":""40.836012861736485"",""spread_pct"":""0.009454476694719785"",""amount24"":""1991165226.849"",""volume_ratio1"":""2.4413071591055657"",""volume_ratio5"":""2.8517689579936136"",""note"":""HIGH_EDGE"",""scan_time_jst"":""2026-08-28 17:50:34.797"",""ticker_time_jst"":""2026-08-28 17:50:28.726"",""price"":""105.77"",""bid"":""105.85"",""ask"":""105.86"",""volume24"":""186259422.0"",""change24"":""-0.0127"",""funding_rate"":""-9e-06"",""oi"":""32619669.0"",""oi_change_pct"":""-4.28591033517554"",""ema9_1"":""106.17941232461921"",""ema21_1"":""106.33260917277924"",""ema9_5"":""106.39917782137236"",""ema21_5"":""106.58755529132156"",""ema9_15"":""106.64998132611008"",""ema21_15"":""106.95176410670209"",""macd1"":""-0.12690616295543578"",""macd_signal1"":""-0.06137110164794303"",""macd_hist1"":""-0.06553506130749275"",""macd5"":""-0.19039087809042599"",""macd_signal5"":""-0.1591023562546789"",""macd_hist5"":""-0.031288521835747096"",""macd15"":""-0.3247703199875076"",""macd_signal15"":""-0.2976670799043305"",""macd_hist15"":""-0.027103240083177105"",""volume_ratio15"":""0.3427574149385136"",""atr1_pct"":""0.1067005226974962"",""atr5_pct"":""0.22555680114534257"",""atr15_pct"":""0.39236078283067044"",""long_score"":""1.0"",""short_score"":""36.0"",""bias"":""SHORT"",""btc_price"":""79479.9"",""btc_ret_1m_pct"":""-0.058596819927955866"",""btc_ret_5m_pct"":""-0.2542590907664868"",""btc_ret_15m_pct"":""-0.08125666950480193"",""btc_ret_1h_pct"":""-0.27634305605118303"",""btc_rsi1"":""14.436983471072978"",""btc_rsi5"":""40.91760299625421"",""btc_rsi15"":""52.406343051035236"",""btc_rsi60"":""35.7911415727024"",""btc_ema9_1"":""79596.29242438232"",""btc_ema21_1"":""79663.2544800763"",""btc_ema9_5"":""79676.30121015145"",""btc_ema21_5"":""79705.3730540668"",""btc_ema9_15"":""79712.87187956729"",""btc_ema21_15"":""79785.77847129303"",""btc_ema9_60"":""79860.31462509866"",""btc_ema21_60"":""79818.96303317245"",""btc_macd1"":""-55.324033505501575"",""btc_macd_signal1"":""-27.795141281481357"",""btc_macd5"":""-26.263198129687225"",""btc_macd_signal5"":""-14.869950292209854"",""btc_macd15"":""-90.264046866243"",""btc_macd_signal15"":""-101.32206502354992"",""btc_macd60"":""127.85140796545602"",""btc_macd_signal60"":""236.20008009285073"",""btc_volume_ratio1"":""3.204634590505813"",""btc_volume_ratio5"":""2.48473403214072"",""btc_volume_ratio15"":""0.7956085519686714"",""btc_volume_ratio60"":""0.6347184491046935"",""btc_atr1_pct"":""0.05273570514593612"",""btc_atr5_pct"":""0.12053361919176632"",""btc_atr15_pct"":""0.19559302774303988"",""btc_atr60_pct"":""0.5505255326908365""}"
63ca995390b302356dce988f,HIGH_EDGE,2026-08-28T17:51:03.732513,LINK_USDT,SHORT,11.644,11.684754000000002,11.562492,2026-08-28T17:51:03.949539+09:00,2026-08-28 17:50:56.219,2026-08-28 17:50:28.757,11.644,11.646,11.647,0.008588114050149826,32743933.0,38707157.8693,-0.0232,4.2e-05,23049719.0,-2.1613230463235067,15.18987341772197,32.91139240506354,44.8548812664908,11.669375839880175,11.684373815262639,11.690850036669048,11.71182495147206,11.71792572847852,11.748042228328758,-0.01347215645427724,-0.008797604343949429,-0.004674552110327811,-0.02121088620826761,-0.017864514647354873,-0.003346371560912737,-0.031426559695699297,-0.02686340828446917,-0.004563151411230128,2.1395666376409865,3.9854157289443015,0.9980310644159464,0.08220052019433588,0.17114884428522348,0.3674485940030449,1.0,39.0,SHORT,38.0,,79479.9,-0.058596819927955866,-0.2542590907664868,-0.08125666950480193,-0.27634305605118303,14.436983471072978,40.91760299625421,52.406343051035236,35.7911415727024,79596.29242438232,79663.2544800763,79676.30121015145,79705.3730540668,79712.87187956729,79785.77847129303,79860.31462509866,79818.96303317245,-55.324033505501575,-27.795141281481357,-26.263198129687225,-14.869950292209854,-90.264046866243,-101.32206502354992,127.85140796545602,236.20008009285073,3.204634590505813,2.48473403214072,0.7956085519686714,0.6347184491046935,0.05273570514593612,0.12053361919176632,0.19559302774303988,0.5505255326908365,"{""time"":""2026-08-28T17:51:03.732513"",""symbol"":""LINK_USDT"",""event"":""OPEN"",""direction"":""SHORT"",""edge"":""38.0"",""entry"":""11.644"",""sl"":""11.684754000000002"",""tp"":""11.562492"",""exit"":"""",""result_r"":"""",""rsi1"":""15.18987341772197"",""rsi5"":""32.91139240506354"",""rsi15"":""44.8548812664908"",""spread_pct"":""0.008588114050149826"",""amount24"":""38707157.8693"",""volume_ratio1"":""2.1395666376409865"",""volume_ratio5"":""3.9854157289443015"",""note"":""HIGH_EDGE"",""scan_time_jst"":""2026-08-28 17:50:56.219"",""ticker_time_jst"":""2026-08-28 17:50:28.757"",""price"":""11.644"",""bid"":""11.646"",""ask"":""11.647"",""volume24"":""32743933.0"",""change24"":""-0.0232"",""funding_rate"":""4.2e-05"",""oi"":""23049719.0"",""oi_change_pct"":""-2.1613230463235067"",""ema9_1"":""11.669375839880175"",""ema21_1"":""11.684373815262639"",""ema9_5"":""11.690850036669048"",""ema21_5"":""11.71182495147206"",""ema9_15"":""11.71792572847852"",""ema21_15"":""11.748042228328758"",""macd1"":""-0.01347215645427724"",""macd_signal1"":""-0.008797604343949429"",""macd_hist1"":""-0.004674552110327811"",""macd5"":""-0.02121088620826761"",""macd_signal5"":""-0.017864514647354873"",""macd_hist5"":""-0.003346371560912737"",""macd15"":""-0.031426559695699297"",""macd_signal15"":""-0.02686340828446917"",""macd_hist15"":""-0.004563151411230128"",""volume_ratio15"":""0.9980310644159464"",""atr1_pct"":""0.08220052019433588"",""atr5_pct"":""0.17114884428522348"",""atr15_pct"":""0.3674485940030449"",""long_score"":""1.0"",""short_score"":""39.0"",""bias"":""SHORT"",""btc_price"":""79479.9"",""btc_ret_1m_pct"":""-0.058596819927955866"",""btc_ret_5m_pct"":""-0.2542590907664868"",""btc_ret_15m_pct"":""-0.08125666950480193"",""btc_ret_1h_pct"":""-0.27634305605118303"",""btc_rsi1"":""14.436983471072978"",""btc_rsi5"":""40.91760299625421"",""btc_rsi15"":""52.406343051035236"",""btc_rsi60"":""35.7911415727024"",""btc_ema9_1"":""79596.29242438232"",""btc_ema21_1"":""79663.2544800763"",""btc_ema9_5"":""79676.30121015145"",""btc_ema21_5"":""79705.3730540668"",""btc_ema9_15"":""79712.87187956729"",""btc_ema21_15"":""79785.77847129303"",""btc_ema9_60"":""79860.31462509866"",""btc_ema21_60"":""79818.96303317245"",""btc_macd1"":""-55.324033505501575"",""btc_macd_signal1"":""-27.795141281481357"",""btc_macd5"":""-26.263198129687225"",""btc_macd_signal5"":""-14.869950292209854"",""btc_macd15"":""-90.264046866243"",""btc_macd_signal15"":""-101.32206502354992"",""btc_macd60"":""127.85140796545602"",""btc_macd_signal60"":""236.20008009285073"",""btc_volume_ratio1"":""3.204634590505813"",""btc_volume_ratio5"":""2.48473403214072"",""btc_volume_ratio15"":""0.7956085519686714"",""btc_volume_ratio60"":""0.6347184491046935"",""btc_atr1_pct"":""0.05273570514593612"",""btc_atr5_pct"":""0.12053361919176632"",""btc_atr15_pct"":""0.19559302774303988"",""btc_atr60_pct"":""0.5505255326908365""}"
52ddc54e39cfe27efed54142,TREND_VOLUME,2026-08-28T17:51:03.768221,LINK_USDT,SHORT,11.644,11.684754000000002,11.562492,2026-08-28T17:51:03.956752+09:00,2026-08-28 17:50:56.219,2026-08-28 17:50:28.757,11.644,11.646,11.647,0.008588114050149826,32743933.0,38707157.8693,-0.0232,4.2e-05,23049719.0,-2.1613230463235067,15.18987341772197,32.91139240506354,44.8548812664908,11.669375839880175,11.684373815262639,11.690850036669048,11.71182495147206,11.71792572847852,11.748042228328758,-0.01347215645427724,-0.008797604343949429,-0.004674552110327811,-0.02121088620826761,-0.017864514647354873,-0.003346371560912737,-0.031426559695699297,-0.02686340828446917,-0.004563151411230128,2.1395666376409865,3.9854157289443015,0.9980310644159464,0.08220052019433588,0.17114884428522348,0.3674485940030449,1.0,39.0,SHORT,38.0,,79479.9,-0.058596819927955866,-0.2542590907664868,-0.08125666950480193,-0.27634305605118303,14.436983471072978,40.91760299625421,52.406343051035236,35.7911415727024,79596.29242438232,79663.2544800763,79676.30121015145,79705.3730540668,79712.87187956729,79785.77847129303,79860.31462509866,79818.96303317245,-55.324033505501575,-27.795141281481357,-26.263198129687225,-14.869950292209854,-90.264046866243,-101.32206502354992,127.85140796545602,236.20008009285073,3.204634590505813,2.48473403214072,0.7956085519686714,0.6347184491046935,0.05273570514593612,0.12053361919176632,0.19559302774303988,0.5505255326908365,"{""time"":""2026-08-28T17:51:03.768221"",""symbol"":""LINK_USDT"",""event"":""OPEN"",""direction"":""SHORT"",""entry"":""11.644"",""sl"":""11.684754000000002"",""tp"":""11.562492"",""exit"":"""",""result_r"":"""",""edge"":""38.0"",""rsi5"":""32.91139240506354"",""rsi15"":""44.8548812664908"",""volume_ratio1"":""2.1395666376409865"",""volume_ratio5"":""3.9854157289443015"",""spread_pct"":""0.008588114050149826"",""amount24"":""38707157.8693"",""note"":""TREND_VOLUME"",""scan_time_jst"":""2026-08-28 17:50:56.219"",""ticker_time_jst"":""2026-08-28 17:50:28.757"",""price"":""11.644"",""bid"":""11.646"",""ask"":""11.647"",""volume24"":""32743933.0"",""change24"":""-0.0232"",""funding_rate"":""4.2e-05"",""oi"":""23049719.0"",""oi_change_pct"":""-2.1613230463235067"",""rsi1"":""15.18987341772197"",""ema9_1"":""11.669375839880175"",""ema21_1"":""11.684373815262639"",""ema9_5"":""11.690850036669048"",""ema21_5"":""11.71182495147206"",""ema9_15"":""11.71792572847852"",""ema21_15"":""11.748042228328758"",""macd1"":""-0.01347215645427724"",""macd_signal1"":""-0.008797604343949429"",""macd_hist1"":""-0.004674552110327811"",""macd5"":""-0.02121088620826761"",""macd_signal5"":""-0.017864514647354873"",""macd_hist5"":""-0.003346371560912737"",""macd15"":""-0.031426559695699297"",""macd_signal15"":""-0.02686340828446917"",""macd_hist15"":""-0.004563151411230128"",""volume_ratio15"":""0.9980310644159464"",""atr1_pct"":""0.08220052019433588"",""atr5_pct"":""0.17114884428522348"",""atr15_pct"":""0.3674485940030449"",""long_score"":""1.0"",""short_score"":""39.0"",""bias"":""SHORT"",""btc_price"":""79479.9"",""btc_ret_1m_pct"":""-0.058596819927955866"",""btc_ret_5m_pct"":""-0.2542590907664868"",""btc_ret_15m_pct"":""-0.08125666950480193"",""btc_ret_1h_pct"":""-0.27634305605118303"",""btc_rsi1"":""14.436983471072978"",""btc_rsi5"":""40.91760299625421"",""btc_rsi15"":""52.406343051035236"",""btc_rsi60"":""35.7911415727024"",""btc_ema9_1"":""79596.29242438232"",""btc_ema21_1"":""79663.2544800763"",""btc_ema9_5"":""79676.30121015145"",""btc_ema21_5"":""79705.3730540668"",""btc_ema9_15"":""79712.87187956729"",""btc_ema21_15"":""79785.77847129303"",""btc_ema9_60"":""79860.31462509866"",""btc_ema21_60"":""79818.96303317245"",""btc_macd1"":""-55.324033505501575"",""btc_macd_signal1"":""-27.795141281481357"",""btc_macd5"":""-26.263198129687225"",""btc_macd_signal5"":""-14.869950292209854"",""btc_macd15"":""-90.264046866243"",""btc_macd_signal15"":""-101.32206502354992"",""btc_macd60"":""127.85140796545602"",""btc_macd_signal60"":""236.20008009285073"",""btc_volume_ratio1"":""3.204634590505813"",""btc_volume_ratio5"":""2.48473403214072"",""btc_volume_ratio15"":""0.7956085519686714"",""btc_volume_ratio60"":""0.6347184491046935"",""btc_atr1_pct"":""0.05273570514593612"",""btc_atr5_pct"":""0.12053361919176632"",""btc_atr15_pct"":""0.19559302774303988"",""btc_atr60_pct"":""0.5505255326908365""}"
c0c388908a33020fd4233a89,PULLBACK,2026-08-28T17:51:03.803513,SOXL_USDT,SHORT,119.16,119.74285714285715,117.99428571428571,2026-08-28T17:51:03.962310+09:00,2026-08-28 17:50:37.848,2026-08-28 17:50:28.828,119.16,119.19,119.2,0.008392077878487007,301717870.0,368651224.0019,-0.0182,0.0,9576116.0,1.9681336405260068,31.531531531531442,43.75000000000005,41.304347826086925,119.25480300369972,119.26795281501667,119.2226510950204,119.35200624488752,119.41650863879823,119.98353023339531,0.023462912348833243,0.07990531469325393,-0.05644240234442069,-0.20188175247400864,-0.26915398519427014,0.0672722327202615,-0.5700497599437568,-0.4837272034223324,-0.08632255652142445,0.4474482873395572,1.2673886789934867,2.429713763153621,0.11988682683546818,0.4076152112405896,0.6761617033520366,8.5,24.0,SHORT,15.5,0.05254965767408279,79479.9,-0.058596819927955866,-0.2542590907664868,-0.08125666950480193,-0.27634305605118303,14.436983471072978,40.91760299625421,52.406343051035236,35.7911415727024,79596.29242438232,79663.2544800763,79676.30121015145,79705.3730540668,79712.87187956729,79785.77847129303,79860.31462509866,79818.96303317245,-55.324033505501575,-27.795141281481357,-26.263198129687225,-14.869950292209854,-90.264046866243,-101.32206502354992,127.85140796545602,236.20008009285073,3.204634590505813,2.48473403214072,0.7956085519686714,0.6347184491046935,0.05273570514593612,0.12053361919176632,0.19559302774303988,0.5505255326908365,"{""time"":""2026-08-28T17:51:03.803513"",""symbol"":""SOXL_USDT"",""event"":""OPEN"",""direction"":""SHORT"",""entry"":""119.16"",""sl"":""119.74285714285715"",""tp"":""117.99428571428571"",""exit"":"""",""result_r"":"""",""distance_ema9_5_pct"":""0.05254965767408279"",""rsi1"":""31.531531531531442"",""rsi5"":""43.75000000000005"",""rsi15"":""41.304347826086925"",""macd1"":""0.023462912348833243"",""macd_signal1"":""0.07990531469325393"",""spread_pct"":""0.008392077878487007"",""amount24"":""368651224.0019"",""note"":""PULLBACK"",""scan_time_jst"":""2026-08-28 17:50:37.848"",""ticker_time_jst"":""2026-08-28 17:50:28.828"",""price"":""119.16"",""bid"":""119.19"",""ask"":""119.2"",""volume24"":""301717870.0"",""change24"":""-0.0182"",""funding_rate"":""0.0"",""oi"":""9576116.0"",""oi_change_pct"":""1.9681336405260068"",""ema9_1"":""119.25480300369972"",""ema21_1"":""119.26795281501667"",""ema9_5"":""119.2226510950204"",""ema21_5"":""119.35200624488752"",""ema9_15"":""119.41650863879823"",""ema21_15"":""119.98353023339531"",""macd_hist1"":""-0.05644240234442069"",""macd5"":""-0.20188175247400864"",""macd_signal5"":""-0.26915398519427014"",""macd_hist5"":""0.0672722327202615"",""macd15"":""-0.5700497599437568"",""macd_signal15"":""-0.4837272034223324"",""macd_hist15"":""-0.08632255652142445"",""volume_ratio1"":""0.4474482873395572"",""volume_ratio5"":""1.2673886789934867"",""volume_ratio15"":""2.429713763153621"",""atr1_pct"":""0.11988682683546818"",""atr5_pct"":""0.4076152112405896"",""atr15_pct"":""0.6761617033520366"",""long_score"":""8.5"",""short_score"":""24.0"",""bias"":""SHORT"",""edge"":""15.5"",""btc_price"":""79479.9"",""btc_ret_1m_pct"":""-0.058596819927955866"",""btc_ret_5m_pct"":""-0.2542590907664868"",""btc_ret_15m_pct"":""-0.08125666950480193"",""btc_ret_1h_pct"":""-0.27634305605118303"",""btc_rsi1"":""14.436983471072978"",""btc_rsi5"":""40.91760299625421"",""btc_rsi15"":""52.406343051035236"",""btc_rsi60"":""35.7911415727024"",""btc_ema9_1"":""79596.29242438232"",""btc_ema21_1"":""79663.2544800763"",""btc_ema9_5"":""79676.30121015145"",""btc_ema21_5"":""79705.3730540668"",""btc_ema9_15"":""79712.87187956729"",""btc_ema21_15"":""79785.77847129303"",""btc_ema9_60"":""79860.31462509866"",""btc_ema21_60"":""79818.96303317245"",""btc_macd1"":""-55.324033505501575"",""btc_macd_signal1"":""-27.795141281481357"",""btc_macd5"":""-26.263198129687225"",""btc_macd_signal5"":""-14.869950292209854"",""btc_macd15"":""-90.264046866243"",""btc_macd_signal15"":""-101.32206502354992"",""btc_macd60"":""127.85140796545602"",""btc_macd_signal60"":""236.20008009285073"",""btc_volume_ratio1"":""3.204634590505813"",""btc_volume_ratio5"":""2.48473403214072"",""btc_volume_ratio15"":""0.7956085519686714"",""btc_volume_ratio60"":""0.6347184491046935"",""btc_atr1_pct"":""0.05273570514593612"",""btc_atr5_pct"":""0.12053361919176632"",""btc_atr15_pct"":""0.19559302774303988"",""btc_atr60_pct"":""0.5505255326908365""}"
