30m_cluster_EV,30m_clusters,5m_cluster_EV,LOSS,N,TIME,UNKNOWN,UNKNOWN_ratio,WIN,ambiguous_deadline_boundary_N,ambiguous_deadline_boundary_ratio,ambiguous_intrabar_N,ambiguous_intrabar_ratio,cluster_bootstrap_95_CI,day_bootstrap_95_CI,evaluation_mode,evaluation_phase,gross_EV,gross_R_total,max_drawdown_R,max_loss_streak,model_id,net_EV,net_R_total,net_complete_N,net_coverage_complete,net_coverage_ratio,net_evaluable_n,qualification,resolved_N,resolved_gross_n,slice,win_rate
,0,,0,0,0,0,,0,0,,0,,,,FORWARD,SHAKEDOWN,,0,0.0,0,CH_B1_PERSISTENCE_ASSET,,,0,False,,0,NOT_PRIMARY_FORWARD_CORE,0,0,ALL,
-0.1271387077411832,63,-0.11200016092259839,51,100,14,0,0.0,35,0,0.0,0,0.0,,,FORWARD,SHAKEDOWN,-0.15238609309583828,-15.23860930958383,19.238609309583854,7,CH_B1_PERSISTENCE_LOW,,,0,False,0.0,0,NOT_PRIMARY_FORWARD_CORE,100,100,ALL,0.42
,0,,0,0,0,0,,0,0,,0,,,,FORWARD,SHAKEDOWN,,0,0.0,0,CH_B1_PRIMARY_ASSET,,,0,False,,0,NOT_PRIMARY_FORWARD_CORE,0,0,ALL,
-0.0556757850332666,81,-0.08400012069194945,63,127,14,2,0.015748031496062992,48,0,0.0,2,0.015748031496062992,,,FORWARD,SHAKEDOWN,-0.11390887447667082,-14.238609309583856,18.446014448969475,7,CORE_B1_PULLBACK_OPPOSITE,,,0,False,0.0,0,NOT_PRIMARY_FORWARD_CORE,125,125,ALL,0.44
-0.1530915261015197,179,-0.08236768853989167,161,341,32,4,0.011730205278592375,144,0,0.0,4,0.011730205278592375,,,FORWARD,SHAKEDOWN,-0.06704779665491148,-22.595107472705173,22.595107472705177,13,CTRL_HIGH_EDGE,,,0,False,0.0,0,NOT_PRIMARY_FORWARD_CORE,337,337,ALL,0.4540059347181009
-0.001994363038699454,304,0.005278484644454167,358,784,50,18,0.02295918367346939,358,1,0.0012755102040816326,17,0.021683673469387755,,,FORWARD,SHAKEDOWN,-0.002098640959952967,-1.60755897532399,33.702177061569586,8,CTRL_OI_FUNDING,,,0,False,0.0,0,NOT_PRIMARY_FORWARD_CORE,766,766,ALL,0.5
-0.014453211985906985,182,-0.03092197776414731,166,374,30,11,0.029411764705882353,167,1,0.00267379679144385,10,0.026737967914438502,,,FORWARD,SHAKEDOWN,0.0024874761634681715,0.9029538473389453,19.718884961748536,9,CTRL_OPPOSITE_ANY,,,0,False,0.0,0,NOT_PRIMARY_FORWARD_CORE,363,363,ALL,0.5041322314049587
0.0516475325373822,139,0.023622900039639138,103,247,16,9,0.03643724696356275,119,1,0.004048582995951417,8,0.032388663967611336,,,FORWARD,SHAKEDOWN,0.0636200132643815,15.141563156922798,12.066432295998336,8,CTRL_OPPOSITE_NON_PULLBACK,,,0,False,0.0,0,NOT_PRIMARY_FORWARD_CORE,238,238,ALL,0.5378151260504201
-0.03862793855601878,228,-0.09212292758008096,247,499,50,4,0.008016032064128256,198,0,0.0,4,0.008016032064128256,,,FORWARD,SHAKEDOWN,-0.09626766043407183,-47.65249191486558,53.33117795016585,11,CTRL_PULLBACK_ANY,,,0,False,0.0,0,NOT_PRIMARY_FORWARD_CORE,495,495,ALL,0.4505050505050505
-0.03467357966229562,136,-0.09871731114669495,164,327,31,1,0.0030581039755351682,131,0,0.0,1,0.0030581039755351682,,,FORWARD,SHAKEDOWN,-0.09725906734057758,-31.7064559530283,40.43971569679303,15,CTRL_PULLBACK_MATCH,,,0,False,0.0,0,NOT_PRIMARY_FORWARD_CORE,326,326,ALL,0.450920245398773
-0.07795425517015184,184,-0.07945629682970219,171,360,32,6,0.016666666666666666,151,0,0.0,6,0.016666666666666666,,,FORWARD,SHAKEDOWN,-0.0638994069049797,-22.620390044362797,31.06223577833394,8,CTRL_TREND_VOLUME,,,0,False,0.0,0,NOT_PRIMARY_FORWARD_CORE,354,354,ALL,0.4661016949152542
